2022571280	2130530895	2
2427589860	2504341966	2
302062366	92696551	2
302062366	694204599	2
2114819861	2472798807	2
1835661674	2005420825	2
2105924781	2165312942	2
2105924781	2810072170	2
2165312942	2810072170	2
2572891780	2498245549	2
2572891780	2584118853	2
2039207522	2407650320	2
2057371703	2271309405	2
685595908	2151766025	2
685595908	2308052382	2
685595908	2440505713	2
2151766025	2308052382	2
2151766025	2440505713	2
2308052382	2440505713	2
1152065773	2091176983	2
672399028	2111301783	3
672399028	2135079002	2
2111301783	2135079002	3
2111301783	2489453369	2
2170545008	2338005014	2
1073069721	2072018478	3
1073069721	2129661676	2
1073069721	2160346480	2
2072018478	2129661676	2
2072018478	2160346480	2
1836184132	2422323739	2
2422323739	2148615961	2
2422323739	2004307921	2
2422323739	2098218527	2
2029242188	2080806457	2
2029242188	2194448194	2
2080806457	2194448194	2
105728772	2477938175	2
105728772	2557262922	2
2477938175	2557262922	2
196776650	1940154994	2
196776650	2117442472	2
196776650	2159936505	2
1962746126	2127388143	2
2066136424	2164376273	2
1955423362	2001796083	4
1955423362	2892665737	2
2250962635	2104837260	3
2250962635	2441043418	3
2001892294	2001972782	2
2001892294	378508968	3
2001892294	2127005753	3
2001892294	2133817449	3
272022307	2046419348	2
1964143579	2105991072	2
2154279871	2781174750	2
2112275432	2145895666	2
2112275432	2840456654	2
2145895666	2840456654	2
2109452022	2724072577	3
1940154994	2117442472	2
1940154994	2159936505	2
2117442472	2159936505	2
1966117383	1967926312	2
1966117383	2013302901	2
1966117383	2108126638	2
1966117383	2126039653	2
1966117383	2190605086	2
1966117383	2567953736	2
1967926312	2013302901	2
1967926312	2108126638	3
1967926312	2126039653	2
1967926312	2190605086	2
1967926312	2567953736	2
2013302901	2108126638	2
2013302901	2126039653	2
2013302901	2190605086	2
2013302901	2567953736	2
2108126638	2126039653	2
2108126638	2190605086	2
2108126638	2567953736	3
2108126638	2154946902	2
2108126638	2252452800	2
2126039653	2190605086	2
2126039653	2567953736	2
2190605086	2567953736	2
1982003255	2153177225	2
2009519584	2157666991	2
119586271	2130471104	2
2130471104	2052826544	3
2278104133	2346373710	2
2278104133	2608672998	2
2346373710	2608672998	2
2061701724	2156049030	2
204141382	2463754138	2
2433202804	2463754138	2
2463754138	1987683718	2
2032006561	2133745906	2
2303807887	2145782825	2
2061355601	96147025	2
2617677781	2344649637	3
2617677781	2110004425	2
2617677781	2288121725	2
2617677781	1501559239	2
2617677781	2060237436	2
384016506	2034419647	3
384016506	2101189283	2
384016506	2143693067	2
384016506	2203279524	2
384016506	2228680509	2
384016506	2250877809	3
384016506	2291753729	3
384016506	2296553034	3
384016506	2801437560	2
2034419647	2101189283	2
2034419647	2143693067	2
2034419647	2203279524	2
2034419647	2228680509	2
2034419647	2250877809	3
2034419647	2291753729	3
2034419647	2296553034	3
2034419647	2801437560	2
2101189283	2143693067	2
2101189283	2203279524	2
2101189283	2228680509	2
2101189283	2250877809	2
2101189283	2291753729	2
2101189283	2296553034	2
2101189283	2801437560	2
2143693067	2203279524	2
2143693067	2228680509	2
2143693067	2250877809	2
2143693067	2291753729	2
2143693067	2296553034	2
2143693067	2801437560	2
2203279524	2228680509	2
2203279524	2250877809	2
2203279524	2291753729	2
2203279524	2296553034	2
2203279524	2801437560	2
2228680509	2250877809	2
2228680509	2291753729	2
2228680509	2296553034	2
2228680509	2801437560	2
2250877809	2291753729	3
2250877809	2296553034	3
2250877809	2801437560	2
2291753729	2296553034	3
2291753729	2801437560	2
2296553034	2801437560	2
2120645684	2137349340	2
2120645684	2139772345	2
2137349340	2139772345	2
280769908	2098864787	2
2135298103	2467238783	3
2135298103	2494116426	3
2147687818	2160924043	2
2147687818	2494116426	2
2160924043	2494116426	2
2467238783	2494116426	3
2158394993	2224767635	2
2158394993	2266017671	2
2158394993	2305287377	2
2158394993	2497533592	2
2224767635	2266017671	2
2224767635	2305287377	2
2224767635	2497533592	2
2266017671	2305287377	2
2266017671	2497533592	2
2305287377	2497533592	2
1963866689	1985640119	3
1963866689	2053067888	4
1963866689	2150379605	3
1985640119	2053067888	3
2096505960	2152071042	2
2050316178	2134359788	2
2050316178	2149441007	2
2050316178	2155335946	2
2050316178	2499434022	2
2134359788	2149441007	2
2134359788	2155335946	2
2134359788	2499434022	2
2149441007	2155335946	2
2149441007	2499434022	2
2155335946	2499434022	2
2054165226	2483325179	2
2237631860	7314351	6
2237631860	2125452357	6
2237631860	1351390273	3
2237631860	2036866194	4
2237631860	2322242159	2
2237631860	2156637046	2
2106211087	2335005042	2
2003182907	2119818245	2
2003182907	2127703959	8
2003182907	2136408502	5
2003182907	267758207	2
2003182907	2159611613	4
2003182907	2093222298	2
2127703959	2136408502	5
2127703959	267758207	2
2127703959	2159611613	3
62781182	1901004927	2
62781182	2143117340	2
1901004927	2143117340	2
2532629084	293975232	2
2532629084	1968854487	2
2532629084	2109982152	2
2532629084	2634466314	2
2532629084	2083669834	2
2532629084	2115856384	2
2532629084	2164378464	2
53539474	2490553355	2
1908990032	2135361935	2
1908990032	2019543656	5
1908990032	2116214606	5
2894370105	2004606405	2
2894370105	2135361935	2
2894370105	2143384472	2
2004606405	2135361935	2
2004606405	2143384472	2
2135361935	2143384472	2
2252532125	2286743931	2
2171767947	2307035486	2
2430706860	469816968	2
2430706860	2141406158	2
2052826544	1949954971	2
2052826544	2153478372	3
116222958	1896709198	2
116222958	2124257860	2
1896709198	2124257860	2
2145385816	662760579	2
1979579212	2007834024	2
143003204	2304828800	3
143003204	2590970644	2
143003204	2004942809	2
143003204	2037936896	2
143003204	2101756612	2
143003204	2175171250	2
2304828800	2590970644	2
2304828800	1921245410	2
2102449962	2305155919	2
2159143425	2574754682	2
1259473738	650968989	2
1259473738	2216474643	2
1259473738	2308897707	4
1259473738	2129399191	3
1259473738	2128565636	2
1259473738	2796548884	2
2559132822	2095897985	2
2559132822	2142050253	2
2080361139	2498558929	2
67829647	2558597804	3
2148650671	2224356534	3
1739518819	2015186656	4
1739518819	2061603846	3
1739518819	2170375430	3
2015186656	2061603846	4
2015186656	2170375430	8
2015186656	1968854487	12
2015186656	2781057017	5
2015186656	367223444	3
2015186656	1993505801	3
2015186656	2043087548	4
2015186656	2151644619	5
2015186656	2231847126	3
2015186656	2356932058	5
2015186656	2126383504	9
2015186656	2065837648	3
2015186656	2214979510	2
2015186656	2318370867	2
2015186656	2132890742	2
2015186656	2304826302	4
2015186656	2044544995	2
2015186656	2125338727	2
2015186656	2060409082	4
2015186656	2100981329	3
2015186656	2786105425	2
2015186656	2154883588	2
2015186656	2407523539	2
2015186656	2164564696	3
2015186656	709682653	2
2015186656	2462462013	2
2015186656	2144628046	2
2015186656	350541580	2
2015186656	52327701	2
2015186656	2562109587	2
2061603846	2170375430	4
113108355	2104476252	2
2480854496	2683348841	2
2480854496	2903482836	2
2683348841	2903482836	2
1901825601	2196824264	2
2196824264	2165280494	2
2196824264	2169363737	2
2196824264	2619776126	2
2779583254	2168746073	2
2779583254	2128434403	2
2779583254	2316804223	2
2134655729	2007764860	2
690743808	2571982480	2
2037153806	2066140658	3
2037153806	2126449803	2
2107106666	2289476656	2
2118403999	2289476656	2
2486233844	2619113305	3
2486233844	50012461	2
2486233844	1899432110	2
2619113305	50012461	2
2619113305	1899432110	2
2291285833	2064730374	2
2291285833	2648258384	2
2291285833	2116821242	2
2291285833	2128561479	2
2160453696	2182461813	2
2289186434	2103405681	2
2289186434	2122409337	2
2289186434	2122617879	2
2189580330	2509810172	2
344087285	2127200394	2
2127200394	2524374998	3
2127200394	338110145	2
2127200394	2145216582	2
146181530	2000139663	2
2087302648	2184640590	2
2275691353	2303517480	2
2275691353	2411458701	2
2275691353	2442740251	2
2303517480	2411458701	2
2303517480	2442740251	2
2303517480	2098491767	3
2303517480	2303432996	2
2411458701	2442740251	2
2442740251	2098491767	2
2070949117	2113818519	2
2083579614	1527134886	2
196405429	267157953	2
196405429	2576881454	2
267157953	2576881454	2
2128078906	2150972929	2
53506128	2002137724	2
1756061631	2079896681	2
1756061631	2269320156	2
2079896681	2269320156	2
2109870676	2165468656	2
50012461	2161498315	3
50012461	1899432110	2
92696551	694204599	2
2031858292	205683155	2
2031858292	2131717182	2
2031858292	2287431464	2
2031858292	2686762548	2
2031858292	299576312	2
2031858292	2020394086	2
2031858292	2148695815	2
2031858292	2161330464	2
2308277268	2736016034	2
1973073110	2012319071	2
1973073110	2039727663	2
2012319071	2039727663	2
2003666201	2067323868	3
2003666201	1564760898	2
2067323868	2500219955	2
2067323868	1992145034	4
2067323868	2304849996	2
2099918832	2110677693	4
2110677693	1976895592	2
711657303	2150742683	3
2008653893	2085755076	3
2423235126	1965678392	2
2154064429	103263436	2
2124229696	588823404	2
2100162662	2147001934	2
2100162662	2150657513	2
2100162662	2160600469	2
2100162662	2165367058	2
2100162662	2188852157	2
2100162662	2030958112	2
2100162662	2273186241	2
2100162662	2617324970	2
2147001934	2150657513	2
2147001934	2160600469	2
2147001934	2165367058	2
2147001934	2188852157	2
2147001934	2030958112	2
2150657513	2160600469	2
2150657513	2165367058	2
2150657513	2188852157	2
2150657513	2030958112	2
2160600469	2165367058	2
2160600469	2188852157	2
2160600469	2030958112	2
2165367058	2188852157	2
2165367058	2030958112	2
2188852157	2030958112	2
1501559239	1990686718	3
1501559239	2000554968	3
1501559239	2090897664	3
1501559239	2343758041	2
1990686718	2000554968	3
1990686718	2090897664	3
1990686718	2250989391	2
1990686718	2343758041	2
2000554968	2090897664	3
2000554968	2343758041	2
2090897664	2343758041	2
2164918417	2140047285	2
2164918417	2307939880	2
2240801778	692361848	2
1887614881	2779046841	2
1968854487	1969152907	2
1968854487	1992127235	2
1968854487	2025732709	6
1968854487	2057230601	2
1968854487	2399246148	2
1968854487	2717150166	2
1968854487	367223444	2
1968854487	1993505801	2
1968854487	2043087548	5
1968854487	2151644619	5
1968854487	2231847126	2
1968854487	2356932058	4
1968854487	293975232	2
1968854487	2109982152	2
1968854487	2634466314	3
1968854487	2060409082	14
1968854487	2131428808	2
1968854487	2304826302	3
1968854487	2100981329	3
1968854487	2126383504	10
1968854487	2149056683	6
1968854487	2169540851	2
1968854487	1881159122	3
1968854487	2103974391	2
1968854487	2144628046	3
1968854487	2025933990	3
1968854487	2115856384	2
1968854487	2154883588	2
1968854487	2399713804	2
1968854487	2781057017	6
1968854487	350541580	5
1968854487	2112768246	4
1968854487	2105410094	4
1968854487	2106159574	2
1968854487	2153622043	2
1968854487	2604652503	3
1968854487	394303472	2
1968854487	1714287670	2
1968854487	2212735169	2
1968854487	49241366	2
1968854487	2289754305	6
1968854487	2097304104	2
1968854487	2138773381	2
1968854487	2222030528	2
1968854487	2260163756	2
1968854487	2261495866	2
1968854487	2287431464	2
1968854487	2852441972	2
1968854487	352251890	2
1968854487	2436042732	3
1968854487	2491977342	3
1969152907	1992127235	2
1969152907	2057230601	2
1969152907	2399246148	2
1969152907	2717150166	2
1992127235	2057230601	2
1992127235	2399246148	2
1992127235	2717150166	2
2025732709	2126383504	2
2025732709	2149056683	3
2025732709	2169540851	2
2057230601	2399246148	2
2057230601	2717150166	2
2057230601	1519797272	2
2057230601	2186393591	2
2057230601	1923876551	3
2399246148	2717150166	2
2170056299	367472021	2
2170056299	734915370	2
2250989391	1900413172	5
2250989391	2001075557	2
2250989391	2121053704	2
2250989391	2130509053	2
2250989391	2273669580	4
2250989391	2107543259	2
1275629754	1766846706	2
1275629754	2063134796	2
1275629754	2232768042	2
1275629754	2260881262	2
1766846706	2063134796	2
1766846706	2232768042	2
1766846706	2260881262	2
2063134796	2232768042	3
2063134796	2260881262	2
2232768042	2260881262	2
2232768042	2160760012	2
2232768042	2198374079	2
2135299880	2118414320	2
2145947642	2150199236	2
2145947642	2163230505	2
2145947642	2171039387	2
2001796083	2892665737	2
116858100	2426540497	2
2131085324	2599515573	2
2051798275	2070502340	2
2070502340	180621681	2
2036308865	2094829727	2
2036308865	2129251512	2
2094829727	2129251512	2
1997071363	1825032870	2
1997071363	2128434403	2
1997071363	2168746073	2
2126383504	2308195979	2
2126383504	2100981329	4
2126383504	2112768246	6
2126383504	2356932058	6
2126383504	2604652503	5
2126383504	2065837648	4
2126383504	2214979510	2
2126383504	2318370867	2
2126383504	2149056683	2
2126383504	2407523539	2
2126383504	2781013236	2
2126383504	682711059	2
2126383504	2046003191	2
2126383504	2057868173	2
2126383504	2136427763	2
2126383504	2164380234	3
2126383504	2263621750	2
2126383504	2443817855	2
2126383504	2777623942	2
2126383504	2781057017	4
2126383504	350541580	6
2126383504	2060409082	6
2126383504	2105410094	2
2126383504	2106159574	3
2126383504	2153622043	2
2126383504	2126767396	2
2126383504	2304922534	2
2126383504	2668237846	2
2585622694	1256665175	2
2585622694	2118417873	2
2138280867	2810648882	2
1942273129	2654355113	2
2279479304	2690103546	2
2100390265	2145866060	2
2567919502	2167273550	2
2149326993	2129525008	3
1847524895	2075904084	2
2483154565	1033075906	2
2483154565	2130739053	2
2701394023	2716198457	2
2420355608	2472767128	2
2011501853	2223827886	2
2011501853	2414661440	2
2223827886	2414661440	2
2159057503	2892581931	2
1927636742	2057406018	6
1927636742	2248886893	2
2162633391	2435766771	2
2161945672	2787248458	3
2344016581	91570210	2
2344016581	1908653427	2
2021567911	2151823272	5
2002089453	2342783334	2
2039479126	2080804847	2
2039479126	2111151707	2
2080804847	2111151707	2
2111151707	102620580	2
2111151707	2162364823	2
1970325056	1997624721	2
1970325056	2679240540	2
1997624721	2679240540	2
1997624721	2108546044	2
1975427381	2111910498	2
1975427381	2119468113	3
1975427381	2293102502	2
1975427381	2105639868	2
1975427381	2169328828	3
1975427381	2294583727	3
1975427381	299154962	2
1975427381	2077129060	3
1975427381	2779208358	2
2111910498	2293102502	2
2173986080	2176565542	2
2168810706	2156905458	2
2066140658	2126449803	2
2030449164	2172450704	2
2030449164	2202818465	2
2030449164	2256127145	2
2172450704	2202818465	2
2172450704	2256127145	2
2202818465	2256127145	2
2112768246	2308195979	2
2112768246	2356932058	2
2112768246	2604652503	4
2112768246	350541580	6
2112768246	2064587824	4
2112768246	2214979510	2
2112768246	2153622043	3
2112768246	2164380234	3
2112768246	682711059	2
2112768246	2046003191	2
2112768246	2057868173	2
2112768246	2136427763	2
2112768246	2263621750	2
2112768246	2443817855	2
2112768246	2777623942	2
2112768246	2781057017	2
2112768246	2060409082	4
2781057017	2399713804	2
2781057017	682711059	2
2781057017	2046003191	2
2781057017	2057868173	2
2781057017	2136427763	2
2781057017	2263621750	2
2781057017	2443817855	2
2781057017	2777623942	2
2781057017	350541580	2
2781057017	2060409082	2
367223444	1993505801	2
367223444	2043087548	2
367223444	2151644619	2
367223444	2231847126	4
367223444	2356932058	2
367223444	1868181996	2
367223444	2154883588	2
367223444	2305019490	2
1993505801	2043087548	2
1993505801	2151644619	2
1993505801	2231847126	2
1993505801	2356932058	2
1997964248	2231847126	2
1997964248	2356932058	3
1997964248	2246707465	2
2043087548	2151644619	3
2043087548	2231847126	2
2043087548	2356932058	3
2043087548	1933676839	2
2043087548	2096072765	2
2043087548	2579176186	2
2043087548	2154883588	2
2151644619	2231847126	2
2151644619	2356932058	3
2151644619	2304826302	3
2151644619	2097396271	2
2151644619	2528006365	2
2151644619	2436042732	3
2151644619	2491977342	2
2168746073	2356932058	2
2168746073	2087558869	2
2168746073	1825032870	2
2168746073	2128434403	2
2168746073	2232999923	3
2168746073	1434118451	3
2231847126	2356932058	3
2231847126	2077896869	2
2231847126	2131717182	2
2231847126	2786105425	2
2231847126	200400692	2
2231847126	1868181996	2
2231847126	2154883588	2
2231847126	2305019490	2
2231847126	1828011327	2
2356932058	2100981329	2
2356932058	2097316703	2
2356932058	2246707465	4
2356932058	2108149920	2
2356932058	2065837648	3
2356932058	2214979510	2
2356932058	2132890742	2
2356932058	1519797272	2
2356932058	2186393591	2
2289387835	2303983909	2
2129858014	2140227967	4
2129858014	2251353293	4
2140227967	2251353293	4
2251353293	2303441219	2
2153374733	2158925465	2
2153374733	2181939742	2
2158925465	2181939742	2
2250866919	2896750265	3
2250866919	2103846228	2
2896750265	2103846228	2
2019298379	340171975	2
2019298379	2305503170	2
2019298379	2310448482	2
2019298379	2062148018	2
2019298379	2139275814	2
299576312	2089584643	2
299576312	2097591738	2
299576312	2138773381	3
299576312	2020394086	2
299576312	2148695815	2
299576312	2161330464	2
2089584643	2138773381	3
2138773381	2132890742	2
2138773381	2246707465	2
2138773381	2222030528	2
2138773381	2260163756	2
2138773381	2261495866	2
2138773381	2289754305	2
2138773381	2060409082	2
2077896869	2786105425	2
2131717182	205683155	2
2131717182	2287431464	2
2131717182	2686762548	2
2057743908	2167232515	2
2111298717	2498265271	2
2082196179	2211016148	3
2082196179	2214983722	5
2082196179	2264024174	3
2082196179	2166774882	2
2211016148	2214983722	5
2211016148	2264024174	3
2211016148	2643471475	3
2214983722	2264024174	4
2214983722	2643471475	3
2214983722	2166774882	2
2214983722	2768515554	2
2109266695	800939861	2
2109266695	2143242566	2
2116954643	1976823055	2
2116954643	2000906986	2
650444932	1610407532	2
650444932	2162528690	2
650444932	2214979510	2
1610407532	2162528690	2
2051147632	2407176465	2
2132248628	2240100962	2
2132248628	2807392076	2
2240100962	2807392076	2
1949954971	2153478372	2
1862579963	1969589588	2
1862579963	2161198994	2
1969589588	2161198994	2
2093243675	2374931080	3
2212105870	2603623519	3
2212105870	2741345293	3
2212105870	2808892760	3
2212105870	2304096457	3
2212105870	2306324642	3
2212105870	2309826481	3
2603623519	2741345293	4
2603623519	2808892760	3
2603623519	2304096457	6
2603623519	2306324642	6
2603623519	2309826481	6
2603623519	2646898698	2
2603623519	2586532981	2
2741345293	2808892760	3
2741345293	2304096457	4
2741345293	2306324642	4
2741345293	2309826481	4
2808892760	2304096457	4
2808892760	2306324642	3
2808892760	2309826481	3
2304096457	2306324642	6
2304096457	2309826481	6
2304096457	2646898698	2
2304096457	2586532981	2
2306324642	2309826481	6
2306324642	2646898698	2
2306324642	2586532981	2
2309826481	2646898698	2
2309826481	2586532981	2
2061236235	2130246104	2
2131271638	2140640685	2
2140640685	2020132525	10
2140640685	2123066810	2
2140640685	2315130245	2
2140640685	2057406018	2
2140640685	2108306654	2
2140640685	2160322714	2
2140640685	2107543259	2
2140640685	2124926138	2
2140640685	241449942	2
2140640685	2754717890	2
2140640685	2149187884	2
2140640685	2329327125	2
2140640685	2803570870	2
2140640685	2803708069	2
2275058061	2277822523	2
2132072248	2107543259	2
2132072248	2115856384	2
1965304103	2251091580	2
2107543259	2120177935	2
2107543259	2601134217	4
2107543259	2248886893	3
2107543259	2124926138	4
2107543259	1992710411	5
2107543259	2057406018	3
2107543259	2644866004	2
2107543259	2020132525	2
2601134217	2124926138	4
2601134217	1992710411	4
2601134217	2020132525	2
734915370	2537707555	3
734915370	688606104	2
734915370	1965678392	2
734915370	1986921364	2
2153955682	2168740734	2
2110756339	2135339576	2
2110756339	2137815441	7
2110756339	2546750123	2
2110756339	2107762896	3
2135339576	2137815441	3
2135339576	2546750123	3
2137815441	2546750123	3
2137815441	2107762896	3
2216474643	650968989	2
2216474643	2308897707	2
2216474643	1994651963	2
1438187173	2061438466	2
212916017	1936844710	2
1936844710	2039540672	2
1936844710	2005520587	3
1936844710	320546863	2
2118929017	2893989101	2
2118929017	2213155830	2
18571530	2097379169	2
18571530	2011566793	2
2148869864	2162927555	2
2148869864	2148593297	5
2148869864	2181946193	5
2148869864	2480874089	6
2148869864	2013699106	2
1965223436	2163074715	2
1850931748	2092628790	2
2106159574	350541580	2
2106159574	2060409082	2
2106159574	2105410094	2
2106159574	2604652503	3
2106159574	2304922534	2
2106159574	2668237846	2
2105410094	2060409082	4
2105410094	2604652503	2
2105410094	2852441972	2
2272151263	2126233608	2
2272151263	2148695815	10
2272151263	2161330464	4
2272151263	2578148585	2
2272151263	1881159122	2
2272151263	2149941552	2
2272151263	2098410311	2
100131828	2100560783	2
2625661024	2241775584	2
2308195979	2604652503	2
2100981329	1103589599	2
2604652503	350541580	4
2604652503	2153622043	3
2604652503	2164380234	2
2604652503	2060409082	3
2604652503	2304922534	2
2604652503	2668237846	2
2131280909	2103568405	2
2287431464	205683155	2
2287431464	2686762548	2
207559661	297959062	2
207559661	2165947367	3
207559661	2346142297	2
207559661	2092022143	2
297959062	2165947367	2
297959062	2346142297	2
2165947367	2346142297	2
2165947367	2092022143	2
350485896	2466932061	2
350485896	2671697567	2
2466932061	2671697567	2
2061187615	2131287739	3
293975232	2109982152	2
293975232	2634466314	2
2109982152	2634466314	2
2634466314	2115856384	2
2634466314	2303582691	2
2060409082	350541580	4
2060409082	2153622043	2
2060409082	2289754305	4
2060409082	2222030528	2
2060409082	2260163756	2
2060409082	2261495866	2
2060409082	2025933990	2
2060409082	2852441972	2
2020132525	2108306654	3
2020132525	2160322714	2
2020132525	2124926138	3
2020132525	1992710411	2
2110889562	2245842787	2
2110889562	2247293866	2
2110889562	2310987732	2
2110889562	2333164298	2
2110889562	2802347925	2
2110889562	2817135397	2
2245842787	2247293866	2
2245842787	2310987732	2
2245842787	2333164298	2
2245842787	2802347925	2
2245842787	2817135397	2
2247293866	2310987732	2
2247293866	2333164298	2
2247293866	2802347925	2
2247293866	2817135397	2
2310987732	2333164298	2
2310987732	2802347925	2
2310987732	2817135397	2
2333164298	2802347925	2
2333164298	2817135397	2
2802347925	2817135397	2
1995589912	2066080776	2
1995589912	2573621665	2
102620580	2162364823	2
2716542103	2096342346	2
2308897707	650968989	2
2308897707	2129399191	3
2308897707	2142100804	2
2308897707	2128565636	2
2132890742	2108149920	2
2246707465	2097316703	2
2246707465	1256665175	2
1989459079	2020681486	2
1989459079	2584330868	2
2020681486	2584330868	2
2103483132	2282782228	2
298924279	2048731960	3
966244785	1866322640	2
966244785	2152305925	2
966244785	2334535871	2
1866322640	2152305925	3
1866322640	2334535871	2
2152305925	2334535871	2
1984640064	2124456560	2
1984640064	2434140383	2
2124456560	2434140383	2
1969692728	2749513488	2
2133374541	2098218527	2
2133374541	2101620122	2
2133374541	2106104988	3
2133374541	2158006709	2
2133374541	2718618146	2
2133374541	2158354657	2
2209740575	1994931334	2
2209740575	2273102388	2
2248886893	1992710411	2
2248886893	2057406018	2
200400692	1868181996	2
200400692	2244645873	2
2304826302	162956498	2
2304826302	2436042732	2
2304826302	2491977342	2
2143489101	2300779371	4
2143489101	2432815602	3
2143489101	2885942849	2
2300779371	2432815602	3
2300779371	2885942849	2
1900413172	2001075557	2
1900413172	2121053704	2
1900413172	2130509053	2
1900413172	2273669580	4
2001075557	2121053704	2
2001075557	2130509053	2
2001075557	2273669580	2
2121053704	2130509053	2
2121053704	2273669580	2
2130509053	2273669580	2
650968989	2116606592	2
800939861	2143242566	3
800939861	2641109861	2
1172302583	2143242566	2
2143242566	2641109861	3
2143242566	1965028011	2
2143242566	2653117071	2
2641109861	2653117071	2
2015503642	2177643667	2
2045376911	2159481182	3
2045376911	2226436551	3
2045376911	2290275273	2
2143709976	2226436551	2
2159481182	2226436551	3
2159481182	2290275273	2
2226436551	2290275273	2
105376136	716482296	2
2057868173	2170279958	2
2057868173	682711059	2
2057868173	2046003191	2
2057868173	2136427763	2
2057868173	2263621750	2
2057868173	2443817855	2
2057868173	2777623942	2
2094433362	2125094953	2
2094433362	2156066758	2
2094433362	2157909318	2
1909931399	2046931719	2
714607604	1864838623	4
714607604	1869861272	2
714607604	2078140107	2
714607604	2343107062	3
714607604	2013311955	2
714607604	2095753421	3
714607604	2117268981	2
714607604	2060710556	2
1864838623	2343107062	2
1864838623	2095753421	3
1864838623	2117268981	2
1864838623	2060710556	2
1869861272	2078140107	2
1869861272	2343107062	2
2078140107	2343107062	2
2124926138	1992710411	5
2124926138	2057406018	2
1992710411	2057406018	3
2115856384	2295058301	2
2115856384	2083669834	2
2115856384	2164378464	2
2115856384	2158049593	2
1997890622	350541580	2
233724084	1993386604	2
233724084	2126256534	2
233724084	2158519434	2
233724084	2202358058	2
1993386604	2126256534	2
1993386604	2158519434	2
1993386604	2202358058	2
2126256534	2158519434	2
2126256534	2202358058	2
2158519434	2202358058	2
2062412550	2767039093	3
1862796476	2130175591	2
2123066810	2315130245	2
270676485	1988064911	2
344498437	346068928	2
2026205321	2124821882	2
2026205321	2143526945	2
2026205321	2235482316	2
2124821882	2143526945	2
2124821882	2235482316	2
2143526945	2235482316	3
2151848259	2125296279	2
2151848259	2098362638	2
2146273334	2194174887	2
1868181996	2154883588	2
1868181996	2305019490	2
2608898792	2800388670	2
2028568714	2095845721	2
2017172342	1992807621	2
2077587467	2058923425	2
2077587467	2165790577	2
2077587467	2437575363	2
1966449653	2318370867	2
2065837648	1992538613	2
2065837648	2141952123	3
2065837648	2097464933	2
2065837648	2622112456	2
2214979510	350541580	2
2214979510	2161247198	2
2097098453	2668035341	4
2097098453	2114575255	4
2097098453	2126589205	3
2097098453	2155858401	2
2097098453	2199045158	2
2097098453	2304922534	4
2097098453	2190427433	2
2097098453	2628350192	2
2097098453	2791358808	3
2668035341	2114575255	5
2668035341	2126589205	4
2668035341	2155858401	3
2668035341	2199045158	3
2668035341	2304922534	5
2668035341	2583042142	2
2668035341	2190427433	2
2668035341	2628350192	2
2668035341	2791358808	3
2668035341	2118652216	2
2668035341	2136903609	2
2668035341	2156489573	2
2668035341	2167284650	2
2668035341	2175414810	2
2668035341	2316804223	2
2668035341	2420098036	2
2668035341	2442487362	2
2668035341	2624604965	2
2668035341	2640557689	2
2114575255	2126589205	4
2114575255	2155858401	3
2114575255	2199045158	3
2114575255	2304922534	5
2114575255	2583042142	2
2114575255	2190427433	2
2114575255	2628350192	2
2114575255	2791358808	3
2114575255	2118652216	2
2114575255	2136903609	2
2114575255	2156489573	2
2114575255	2167284650	2
2114575255	2175414810	2
2114575255	2316804223	2
2114575255	2420098036	2
2114575255	2442487362	2
2114575255	2624604965	2
2114575255	2640557689	2
2126589205	2155858401	3
2126589205	2199045158	2
2126589205	2304922534	4
2126589205	2583042142	2
2126589205	2628350192	2
2126589205	2791358808	2
2126589205	2118652216	2
2126589205	2136903609	2
2126589205	2156489573	2
2126589205	2167284650	2
2126589205	2175414810	2
2126589205	2316804223	2
2126589205	2420098036	2
2126589205	2442487362	2
2126589205	2624604965	2
2126589205	2640557689	2
2155858401	2199045158	2
2155858401	2304922534	3
2155858401	2583042142	2
2199045158	2304922534	3
2199045158	2583042142	2
2304922534	2583042142	2
2304922534	2190427433	2
2304922534	2628350192	2
2304922534	2791358808	3
2304922534	2161007670	2
2304922534	2573621665	2
2304922534	2118652216	2
2304922534	2136903609	2
2304922534	2156489573	2
2304922534	2167284650	2
2304922534	2175414810	2
2304922534	2316804223	2
2304922534	2420098036	2
2304922534	2442487362	2
2304922534	2624604965	2
2304922534	2640557689	2
2304922534	2668237846	2
2058923425	2165790577	2
2058923425	2437575363	2
91570210	2064519217	2
91570210	250361475	2
91570210	1908653427	2
2112469192	2470527556	2
2112469192	2051267288	2
2112469192	2102038690	2
2112469192	393968188	2
2112469192	1461684358	2
2112469192	2016379643	2
2141406158	469816968	2
2095897985	2142050253	2
2172156212	2344430057	2
2014094942	2068190189	2
2140047285	2307939880	2
1279496655	1996103994	2
2125338727	2164564696	2
2002361269	2116425243	2
1256665175	2118417873	2
2057772314	1986921364	3
2057772314	2230034287	2
1986921364	688606104	2
1986921364	1965678392	2
1982116756	2030306594	2
1982116756	2032118650	2
1982116756	2112024867	3
1982116756	2129525008	3
1982116756	2135077585	3
2030306594	2032118650	2
2030306594	2112024867	2
2030306594	2129525008	2
2030306594	2135077585	2
2032118650	2112024867	2
2032118650	2129525008	2
2032118650	2135077585	2
2112024867	2129525008	3
2112024867	2135077585	3
2129525008	2135077585	3
1223680596	2109313838	2
2316804223	2792833490	5
2316804223	2128434403	8
2316804223	2678471448	6
2316804223	1048112987	3
2316804223	1972142182	3
2316804223	2029234275	2
2316804223	2032658486	2
2316804223	2113265520	5
2316804223	2156371174	2
2316804223	2036545164	3
2316804223	2894113032	2
2316804223	1893760089	2
2316804223	2096790775	2
2316804223	2118652216	2
2316804223	2136903609	2
2316804223	2156489573	2
2316804223	2167284650	2
2316804223	2175414810	2
2316804223	2420098036	2
2316804223	2442487362	2
2316804223	2624604965	2
2316804223	2640557689	2
2316804223	2529094164	2
2792833490	2029234275	2
2792833490	2113265520	3
2792833490	2128434403	3
2604374220	2655515652	2
2604374220	2890296996	2
2604374220	2681343331	2
7314351	2125452357	6
7314351	1351390273	2
7314351	2036866194	2
7314351	2322242159	2
7314351	2156637046	2
2125452357	1351390273	2
2125452357	2036866194	2
2125452357	2322242159	2
2125452357	2156637046	2
2139895783	2176683810	2
2139895783	2189765613	2
2139895783	2270734919	2
2176683810	2189765613	2
2176683810	2270734919	2
2189765613	2270734919	2
1598536771	2083462730	2
1598536771	2342011944	2
2083462730	2342011944	2
2121908725	2181996041	6
2121908725	2893231248	4
2181996041	2893231248	4
2154564098	273631218	2
2216174843	2101320408	2
2057406018	2108306654	2
2164926239	2101446288	2
2042846003	2135822327	2
2125094953	2160934409	2
2125094953	2134868062	2
2125094953	1198231890	2
2125094953	1734352583	2
2125094953	2101960409	2
2125094953	2156066758	3
2125094953	2122078895	2
2131442170	2343740547	2
2131442170	2695294540	2
2343740547	2695294540	2
2270771330	2620123553	2
2164175308	2436480564	2
2004942809	2037936896	2
2004942809	2101756612	3
2004942809	2175171250	2
2037936896	2101756612	2
2037936896	2175171250	2
2101756612	2175171250	2
2561112981	627405292	2
2156445921	1986452766	2
2156445921	2305155919	2
2156445921	2012874820	2
2124483278	2136601054	2
268670442	2252783358	2
2222715731	2231636488	2
2222715731	2514753005	2
2222715731	2217706340	2
2222715731	2549882052	2
2231636488	2514753005	2
2003471728	2569012300	2
1072100254	2078357238	2
2078357238	1994651963	2
2078357238	2082036373	2
2078357238	2105375545	2
2064730374	2648258384	2
2064730374	2116821242	2
2064730374	2128561479	2
2648258384	2116821242	2
2648258384	2128561479	2
2116821242	2128561479	2
1979825359	1988076139	2
1979825359	2098258125	2
1979825359	2282139557	2
1979825359	2719910270	2
1988076139	2098258125	3
1988076139	2282139557	6
1988076139	2719910270	2
1988076139	2071975404	2
1988076139	2148695815	2
1988076139	2134359007	2
2098258125	2282139557	3
2098258125	2719910270	2
2098258125	2134359007	2
2282139557	2719910270	2
2282139557	2071975404	2
2282139557	2148695815	2
2282139557	2134359007	2
2136408502	2159611613	2
2103127959	2149187884	2
2103127959	2157902788	2
2149187884	2157902788	3
2149187884	2329327125	2
2149187884	2803570870	2
2149187884	2803708069	2
2070138662	2243043391	2
209605961	2161125349	2
682731828	1442993172	2
682731828	2305755298	2
1442993172	2305755298	2
1442993172	2144628046	2
2054820541	2007310323	2
2054820541	2061551983	2
2007310323	2061551983	2
1868826861	1971824412	2
1868826861	1980455332	2
1868826861	1990818751	2
1868826861	2085605786	2
1868826861	2097915971	2
1971824412	1980455332	2
1971824412	1990818751	2
1971824412	2085605786	2
1971824412	2097915971	2
1980455332	1990818751	2
1980455332	2085605786	2
1980455332	2097915971	2
1990818751	2085605786	2
1990818751	2097915971	2
2085605786	2097915971	2
2194289668	2073944842	2
2116325169	2440839040	2
2139872893	2076242776	2
2139872893	2287806044	2
2139872893	2619665676	2
350541580	2064587824	3
350541580	2153622043	3
350541580	2164380234	3
2064587824	2164380234	2
2141562463	2403350543	2
2141562463	1923876551	2
2141562463	2078353838	4
2141562463	2105083480	2
2096724468	2327142472	2
2005371738	2098218527	3
2005371738	2141174105	2
2005371738	2146364487	2
2005371738	2158006709	2
2098218527	2101620122	2
2098218527	2106104988	2
2098218527	2141174105	2
2098218527	2146364487	2
2098218527	2158006709	4
2098218527	2718618146	2
2098218527	73564500	2
2098218527	2025631026	4
2098218527	2275652968	2
2098218527	2718414290	3
2098218527	2119121464	2
2098218527	2750093350	2
2101620122	2106104988	2
2101620122	2158006709	2
2101620122	2718618146	2
2106104988	2158006709	2
2106104988	2718618146	2
2106104988	2158354657	2
2141174105	2146364487	2
2141174105	2158006709	2
2146364487	2158006709	2
2158006709	2718618146	2
221351932	65482334	2
221351932	1992918941	2
221351932	2067241419	2
221351932	2096614520	2
221351932	2116795959	2
221351932	2119883789	2
221351932	2122349845	2
221351932	2154334179	2
221351932	2158576007	2
221351932	2206525224	2
221351932	2312522655	2
221351932	2337029216	2
221351932	2500938366	2
221351932	2580629517	2
2143820374	2303486679	2
2128434403	1893760089	3
2128434403	1972142182	4
2128434403	2156371174	3
2128434403	2205568178	2
2128434403	2242453656	2
2128434403	2678471448	5
2128434403	2101534728	2
2128434403	1048112987	3
2128434403	2159611613	2
2128434403	2029234275	2
2128434403	2032658486	2
2128434403	2113265520	3
2128434403	2036545164	2
2128434403	1825032870	2
1951695939	2026758710	2
1951695939	2251050103	2
2026758710	2251050103	2
2045434547	2119888189	2
2133911293	2165453825	2
2103919694	2686762548	2
2103919694	205683155	2
2101534728	2309765197	2
2120411410	2192349101	2
2120411410	2246612467	2
2163647480	2208442605	2
378508968	2127005753	3
378508968	2133817449	3
2127005753	2133817449	3
1222423134	2490208325	2
2150661778	2777915174	2
664929888	1990778040	2
664929888	2047534722	2
1990778040	2047534722	2
528649262	2115390355	2
528649262	2067745739	2
1845068444	1991051736	2
1845068444	2123052860	3
1991051736	2123052860	2
2268874015	2316721454	3
2021604048	2127178401	2
900223336	2028506482	2
900223336	2308518657	2
900223336	2431286996	2
2028506482	2308518657	3
2028506482	2431286996	2
2028506482	2064251414	2
2308518657	2431286996	2
2308518657	2064251414	2
2089080248	2003062268	2
2089080248	2338593209	2
1893760089	1972142182	3
1893760089	2156371174	2
1893760089	2205568178	2
1893760089	2242453656	2
1893760089	2678471448	3
1972142182	2156371174	3
1972142182	2205568178	2
1972142182	2242453656	2
1972142182	2678471448	4
1972142182	1048112987	2
1972142182	2032658486	2
2156371174	2205568178	2
2156371174	2242453656	2
2156371174	2678471448	3
2205568178	2242453656	2
2205568178	2678471448	2
2242453656	2678471448	2
2678471448	1048112987	3
2678471448	2032658486	2
2678471448	2036545164	2
2678471448	2096790775	2
2678471448	2048585480	2
2678471448	2126571783	2
2678471448	2159017802	2
2151236225	2152211319	2
2143210961	2559911423	2
2143210961	2894023005	2
2559911423	2894023005	3
2559911423	1231927894	2
1881159122	2149941552	2
2198374079	2138254824	2
2198374079	2160760012	3
2198374079	2326617110	2
2099499870	2498991731	2
2150561873	2479224767	2
2479224767	314507543	2
2479224767	1477089206	2
2479224767	2165515329	2
2479224767	2425631329	2
1976857980	2103923245	2
1976857980	1934135534	2
1572780727	1993268475	2
1572780727	2196495274	2
1572780727	2229797045	2
1993268475	2196495274	2
1993268475	2229797045	2
2196495274	2229797045	2
2115382079	2556115809	2
2062445894	2078815423	2
2062445894	2251339113	2
2078815423	2251339113	2
142929356	681102983	4
142929356	2141601848	4
681102983	2141601848	4
2141637242	2318655675	2
2024285596	2025573240	2
2024285596	2106657352	2
2025573240	2106657352	2
314507543	1477089206	2
314507543	2165515329	2
314507543	2425631329	2
1477089206	2165515329	2
1477089206	2425631329	2
2165515329	2425631329	2
795361372	1992807621	2
2073396058	1523047513	2
2022853397	2805570912	2
175338457	2150199236	2
175338457	2151105135	2
175338457	2163230505	3
1994651963	2082036373	3
1994651963	2105375545	4
1994651963	2791837033	2
1994651963	2469040599	2
2082036373	2105375545	3
2121050778	2267878907	2
68258251	1997249454	2
68258251	2142549385	2
68258251	2251037600	2
68258251	2341100313	2
68258251	2782737780	2
1997249454	2142549385	2
1997249454	2251037600	3
1997249454	2341100313	2
1997249454	2782737780	2
1997249454	2236321964	3
1997249454	2802146064	2
2142549385	2251037600	2
2142549385	2341100313	2
2142549385	2782737780	2
2142549385	2097765186	2
2251037600	2341100313	2
2251037600	2782737780	2
2251037600	2236321964	3
2341100313	2782737780	2
2160523587	2746391974	2
1933676839	2096072765	2
1933676839	2579176186	2
2096072765	2579176186	2
688606104	1965678392	2
1766582105	2141294457	2
2138254824	2160760012	2
2138254824	2326617110	2
2160760012	2326617110	2
2105780166	2306440153	2
205683155	2686762548	4
205683155	2149941552	2
205683155	2195303534	2
205683155	2578148585	2
2686762548	2578148585	2
2126301694	2151723347	2
1992538613	2141952123	2
182370563	732950256	2
1990230591	2345470028	2
2307593105	2345470028	2
371332613	2075072122	2
2075072122	2111099120	2
2075072122	2116546065	2
2075072122	2304046883	2
2068727972	2251912085	2
2056022924	2115680866	2
2105091540	2293341919	2
2125687143	2126101128	2
267758207	2159611613	2
2828528052	1882519934	2
2828528052	1975702400	2
2828528052	2067332863	2
2828528052	2151167160	2
2828528052	2154565849	2
2828528052	2220995889	2
1972372600	2025608106	2
2277949406	2297223598	2
2148695815	2578148585	2
2148695815	2020394086	2
2148695815	2161330464	5
2148695815	2098410311	3
2780390812	1898300299	2
2780390812	2043098776	2
2780390812	2148421149	2
2780390812	2307494314	2
1898300299	2043098776	2
1898300299	2148421149	2
1898300299	2307494314	2
2043098776	2148421149	2
2043098776	2307494314	2
2148421149	2307494314	2
1869712527	2893541912	2
2020394086	2161330464	2
2242162708	2648598172	2
662851234	2081485163	2
662851234	155122307	3
662851234	2082369950	3
662851234	2229466396	3
662851234	2428511310	3
662851234	2804155757	3
2154883588	2305019490	2
1048112987	2032658486	2
2273102388	2558696169	2
2273102388	2785624393	4
2273102388	2025046886	2
2273102388	1994931334	3
2558696169	2785624393	2
2785624393	2025046886	2
73564500	2025631026	2
2025631026	2073944842	5
2025631026	2163861640	4
2025631026	1891565692	2
2025631026	1970203652	2
2025631026	2138854668	2
2025631026	2000906986	2
2025631026	2170780424	2
2025631026	2309584148	2
2025631026	2119121464	2
2025631026	2718414290	2
2025631026	2750093350	2
2025631026	1648875902	2
2025631026	1856799293	2
2025631026	2150007577	2
2025631026	2157668860	2
2025631026	2051397282	2
2025631026	2056283921	2
2025631026	2162647303	2
2025631026	2292656713	2
2025631026	2463985155	2
2025631026	2625435622	2
2117876823	2123143334	3
2161117238	2236699101	2
1796438932	2069733259	2
1796438932	2098597862	2
1796438932	2161479100	2
2069733259	2098597862	2
2069733259	2161479100	2
2098597862	2161479100	2
2127888031	2140380063	2
2025472915	2130162680	2
2025472915	2131400858	2
2130162680	2131400858	2
2052725563	2070303593	2
2052725563	2294583727	2
2070303593	2294583727	2
2160209769	2287806044	2
2287806044	2294583727	2
2287806044	2159017802	3
2287806044	2697454676	2
2287806044	1971808073	2
2287806044	2158629239	2
2287806044	689225450	2
2287806044	2076242776	2
2287806044	2619665676	2
2294583727	299154962	4
2294583727	2077129060	2
2294583727	2779208358	3
2035117798	1907981560	2
2016612044	2163903929	2
2164041922	1965286947	2
2164041922	1966547399	2
2164041922	2004358494	2
2164041922	2111560638	2
2164041922	2118929574	2
2164041922	2165026108	2
2164041922	2309872639	2
2164041922	2464769696	2
1965286947	1966547399	2
1965286947	2004358494	2
1965286947	2111560638	2
1965286947	2118929574	2
1965286947	2165026108	2
1965286947	2309872639	2
1965286947	2464769696	2
1966547399	2004358494	2
1966547399	2111560638	2
1966547399	2118929574	2
1966547399	2165026108	2
1966547399	2309872639	2
1966547399	2464769696	2
2004358494	2111560638	2
2004358494	2118929574	2
2004358494	2165026108	2
2004358494	2309872639	2
2004358494	2464769696	2
2111560638	2118929574	2
2111560638	2165026108	2
2111560638	2309872639	2
2111560638	2464769696	2
2118929574	2165026108	2
2118929574	2309872639	2
2118929574	2464769696	2
2165026108	2309872639	2
2165026108	2464769696	2
2309872639	2464769696	2
2170143058	2170676993	2
194004262	2095721817	2
714235493	2168283055	2
2168283055	1985570400	2
2025933990	2164446280	2
2198341984	2624539248	2
2198341984	2736625152	2
2190427433	2791358808	2
2628350192	2791358808	2
1757788510	1734352583	2
2011929517	2302713471	2
2279502794	1934135534	2
2252212924	2313176783	2
2166828543	2170721940	2
1652180513	2152216894	2
560635065	1463998313	4
2129399191	2128565636	2
1143219294	2226020299	2
1992807621	2106824276	2
1992807621	2124030311	2
1966523041	2108653190	2
1966523041	2134672540	2
2108653190	2134672540	2
2009231323	2461263864	2
2078353838	1923876551	2
2078353838	2105083480	2
1206598598	1087370589	2
1432328058	2009034581	2
2145530844	2311696589	2
2165280494	2169363737	2
2165280494	2619776126	2
2169363737	2619776126	2
2234176066	2310056901	2
1965769282	2024022721	2
2197162033	2259796500	2
1903656335	2226115610	2
2018623571	2147153932	2
2018623571	2154949369	2
2147153932	2154949369	2
2572595906	2798510081	2
2173067588	2328411354	2
1968916749	2065004463	2
2055734478	2057630326	2
2064519217	2116004560	2
2064519217	2102845190	2
2064519217	2166150919	2
2067845628	2243454567	2
2183835989	2306777368	2
1815973824	2131529661	2
2097976173	2473775874	2
2161007670	2573621665	2
2159017802	1971808073	3
2159017802	2048585480	2
2159017802	2126571783	2
2001275514	2115846077	2
2118936223	2127758715	2
2149941552	2195303534	2
2248796023	2767728449	2
2248796023	2767926482	2
2248796023	2767952936	2
2248796023	2777730864	2
737034729	2810818824	2
2116546065	2304046883	2
2165226603	2124868296	2
2060289759	27371344	2
2000185202	2017805029	2
2000185202	2420437572	2
2017805029	2420437572	2
2051267288	2102038690	2
1837036207	2151863485	2
1837036207	2157107823	2
1837036207	2181303679	2
2151863485	2157107823	2
2151863485	2181303679	2
2157107823	2181303679	2
2115216432	134109382	2
2236321964	2802146064	2
2023230776	2304737478	3
2154317473	2164269244	2
2170128092	2202496581	2
2170128092	260458188	2
2170128092	2100446695	2
433238623	2017449704	2
433238623	2155248118	2
433238623	2404151749	2
2017449704	2155248118	2
2017449704	2404151749	2
2155248118	2404151749	2
2150199236	2151105135	2
2150199236	2163230505	3
2150199236	2171039387	2
2151105135	2163230505	3
2151105135	2433563867	2
2163230505	2433563867	2
2163230505	694811374	2
2163230505	2171039387	2
1992356408	2020589439	2
1992356408	2515552731	2
2020589439	2515552731	2
75167500	2124236638	2
75167500	2182301180	2
75167500	2553853242	2
75167500	2807446246	2
2029234275	2113265520	2
2113265520	2894113032	2
2137223870	2790408549	2
2121648977	2722607471	2
63688482	2078854243	2
2235719539	2093319943	2
2156568671	2424906118	2
2156568671	2598443482	2
2424906118	2598443482	2
260458188	2100446695	2
1948544075	2009045348	2
1976889592	2009045348	2
1976889592	1980956273	2
1315543832	1948304395	3
1315543832	1976653299	2
1315543832	2155994577	2
1315543832	2018456990	2
1948304395	1976653299	2
1948304395	2155994577	2
1948304395	2018456990	2
2098068786	2118294406	2
2098068786	2395121945	2
2118294406	2395121945	2
2098491767	2303432996	2
2164564696	2035991002	2
2164564696	2103657788	2
2164564696	2799809644	2
359376681	2004816532	2
2004816532	2435533954	4
2004816532	1743503206	2
2004816532	1881416595	2
2004816532	2125513918	3
2156066758	2157909318	2
1409690113	2693942189	2
1409690113	2427559313	2
2032995552	2120560048	4
2032995552	2799443972	2
2117778072	2120987464	2
2160685923	2703949789	2
2119883789	65482334	2
2119883789	1992918941	2
2119883789	2067241419	2
2119883789	2096614520	2
2119883789	2116795959	2
2119883789	2122349845	2
2119883789	2154334179	2
2119883789	2158576007	2
2119883789	2206525224	2
2119883789	2312522655	2
2119883789	2337029216	2
2119883789	2500938366	2
2119883789	2580629517	2
2236743137	2094698538	3
2107910986	2113048568	2
2160879651	2028134454	2
2160879651	2179171940	2
2160879651	2471311506	2
52923492	300074472	2
52923492	2145338918	2
300074472	2145338918	2
1150531020	1497411420	2
1150531020	2074703907	2
1497411420	2074703907	2
2636934124	2000906986	2
2636934124	2747982502	2
2191067355	2274236627	2
2011380177	2893624686	2
2011380177	2893675426	2
2893624686	2893675426	2
2435533954	2125513918	2
2117535797	2322905813	2
1492096731	2288710248	2
1819680304	2395939001	2
180518985	2274209003	2
2019953604	2149311860	2
596827726	2063220162	2
1901133223	56606672	2
1901133223	2344193867	2
2134491502	2170721940	2
236739628	2145046705	2
1980304614	2112564510	2
1980304614	2138732514	2
2112564510	2138732514	2
1784964612	2300485398	2
1923876551	1519797272	2
1923876551	2114713094	2
1923876551	2186393591	2
1923876551	2013795614	2
1916184962	2515270375	2
1916184962	1088213347	2
1916184962	2167979950	2
1916184962	2226827396	2
235585955	389492538	2
2052342479	2474596394	2
682711059	2046003191	2
682711059	2136427763	2
682711059	2263621750	2
682711059	2443817855	2
682711059	2777623942	2
2046003191	2136427763	2
2046003191	2263621750	2
2046003191	2443817855	2
2046003191	2777623942	2
2136427763	2263621750	2
2136427763	2443817855	2
2136427763	2777623942	2
2263621750	2443817855	2
2263621750	2777623942	2
2443817855	2777623942	2
2182301180	2553853242	2
2182301180	2807446246	2
1434118451	2337725592	4
1434118451	2399617048	3
1434118451	2032904960	2
2337725592	2399617048	2
2337725592	2032904960	2
2012699329	2112532237	4
2103405681	2122409337	2
2248909426	2411536254	2
2681493956	1871564229	2
2681493956	2262202110	2
1985570400	2005756547	3
2164378464	2083669834	2
2076846928	2085554246	3
2076846928	2257140988	3
2085554246	2257140988	3
2150182686	2233769699	2
2093319943	2343802293	3
2143503314	2179788698	2
656542186	1898828793	2
2015937973	2342593620	2
1974006599	2040252296	2
1974006599	2153601097	2
2040252296	2153601097	2
697996193	2151512412	3
1743503206	1881416595	2
1743503206	2125513918	2
1881416595	2125513918	2
1882519934	1975702400	2
1882519934	2067332863	2
1882519934	2151167160	2
1882519934	2154565849	2
1882519934	2220995889	2
1975702400	2067332863	2
1975702400	2151167160	2
1975702400	2154565849	2
1975702400	2220995889	2
2067332863	2151167160	2
2067332863	2154565849	2
2067332863	2220995889	2
2151167160	2154565849	2
2151167160	2220995889	2
2154565849	2220995889	2
2100893911	2120798641	3
2100893911	2204506812	2
2120798641	2204506812	2
2304849996	1901145105	2
1968459152	2119853810	2
2119853810	2146533085	3
2119853810	2280368752	3
2119853810	2033775686	2
2060823444	2117509039	2
1935858631	1969880502	2
1935858631	2091754919	2
1969880502	2091754919	2
1147445082	2067349453	2
394303472	1714287670	2
2036866194	2322242159	2
2000906986	2170780424	2
2000906986	2309584148	2
2097464933	2622112456	2
2289754305	2222030528	2
2289754305	2260163756	2
2289754305	2261495866	2
2245818721	2421271344	2
2245818721	2422397746	2
2421271344	2422397746	2
1825032870	2288707616	2
2307419360	2624359365	2
2154946902	2252452800	2
2222030528	2260163756	2
2222030528	2261495866	2
2260163756	2261495866	2
2133863598	2496317176	2
2158728999	2197740998	2
2075302058	2103608329	2
1626302142	1638694963	4
1626302142	2063651199	2
1638694963	2063651199	2
2093087730	2114856179	2
2093087730	1334950511	2
1429481628	2120864034	2
1429481628	2199255697	2
1429481628	2293049679	2
2120864034	2199255697	2
2120864034	2293049679	2
2199255697	2293049679	2
2146533085	2280368752	3
2146533085	2033775686	2
2280368752	2033775686	2
109687329	2346401459	2
2346401459	326974754	3
2346401459	2153367045	2
2633120587	2645410198	2
1097339284	2059654952	3
2095753421	2117268981	2
2095753421	2060710556	2
2149549888	2811501166	2
250361475	2198394588	2
270509837	2550036058	2
270509837	2583881749	2
2550036058	2583881749	2
2073944842	2163861640	4
2073944842	1891565692	2
2073944842	1970203652	2
2073944842	1648875902	2
2073944842	1856799293	2
2073944842	2150007577	2
2073944842	2157668860	2
2073944842	2051397282	2
2073944842	2056283921	2
2073944842	2162647303	2
2073944842	2292656713	2
2073944842	2463985155	2
2073944842	2625435622	2
2163861640	1648875902	2
2163861640	1856799293	2
2163861640	2150007577	2
2163861640	2157668860	2
2163861640	2051397282	2
2163861640	2056283921	2
2163861640	2162647303	2
2163861640	2292656713	2
2163861640	2463985155	2
2163861640	2625435622	2
2304415126	2569926369	2
2582843046	1996374977	2
2636180917	2677727967	2
2636180917	2778500243	2
2677727967	2778500243	2
2182500854	2614136540	2
51544025	2130830414	3
2797086652	2805183671	2
2797086652	2148447523	2
2797086652	2442487362	2
2805183671	2148447523	2
2805183671	2442487362	2
2118652216	2136903609	2
2118652216	2156489573	2
2118652216	2167284650	2
2118652216	2175414810	2
2118652216	2420098036	2
2118652216	2442487362	2
2118652216	2624604965	2
2118652216	2640557689	2
2136903609	2156489573	2
2136903609	2167284650	2
2136903609	2175414810	2
2136903609	2420098036	2
2136903609	2442487362	2
2136903609	2624604965	2
2136903609	2640557689	2
2148447523	2442487362	2
2156489573	2167284650	2
2156489573	2175414810	2
2156489573	2420098036	2
2156489573	2442487362	2
2156489573	2624604965	2
2156489573	2640557689	2
2167284650	2175414810	2
2167284650	2420098036	2
2167284650	2442487362	2
2167284650	2624604965	2
2167284650	2640557689	2
2175414810	2420098036	2
2175414810	2442487362	2
2175414810	2624604965	2
2175414810	2640557689	2
2420098036	2442487362	2
2420098036	2624604965	2
2420098036	2640557689	2
2442487362	2624604965	2
2442487362	2640557689	2
2624604965	2640557689	2
213806717	2123470643	2
213806717	2415320013	2
2013385379	2035387683	2
2013385379	2208069341	2
2035387683	2208069341	2
2436042732	2491977342	2
340171975	2305503170	2
340171975	2310448482	2
340171975	2062148018	2
340171975	2139275814	2
2305503170	2310448482	2
2305503170	2062148018	2
2305503170	2139275814	2
2310448482	2062148018	2
2310448482	2139275814	2
2062148018	2139275814	2
326974754	2153367045	2
2170615204	2187566751	2
2170615204	2191382827	2
2187566751	2191382827	2
2101530033	2146161440	2
2183607427	2432039805	2
1957347458	2046423611	2
231357996	2154261805	2
231357996	2191356975	2
2154261805	2191356975	2
155122307	2082369950	3
155122307	2229466396	2
155122307	2428511310	3
155122307	2804155757	2
2082369950	2229466396	2
2082369950	2428511310	3
2082369950	2804155757	2
2229466396	2428511310	2
2229466396	2804155757	2
2428511310	2804155757	2
1906855732	2157187607	2
1906855732	2538364480	2
2157187607	2538364480	2
2237886704	2237934909	2
1088213347	2167979950	2
1088213347	2226827396	2
2148593297	2181946193	5
2148593297	2480874089	5
2148593297	2013699106	2
2181946193	2480874089	5
2181946193	2013699106	4
2181946193	2695296420	2
2480874089	2013699106	2
1968656595	2531858316	2
2079571798	2112269052	2
2131188455	2165308245	2
2115175741	2590901523	2
1519797272	2186393591	3
2195251967	2577962772	2
2195251967	2805171648	2
2577962772	2805171648	2
1982755750	2095828179	3
1982755750	2143357379	2
1982755750	2168747413	3
1982755750	2257731415	2
2095828179	2168747413	5
2095828179	2257731415	2
2095828179	2290061371	2
2095828179	2063454095	2
2095828179	2157479945	2
2143357379	2257731415	2
2143357379	2597810794	2
2168747413	2257731415	3
2168747413	2290061371	2
2168747413	2063454095	2
2168747413	2157479945	2
2257731415	2597810794	2
2597810794	2802274668	2
56606672	2344193867	2
2165790577	2437575363	2
2157479945	2283724247	3
2248052045	2551781114	2
2013699106	2695296420	2
1985185318	156439643	2
1985185318	2146538283	2
2123772357	2179796559	2
2123772357	2573174340	2
2179796559	2573174340	2
2167749552	684593898	2
2131169280	2251069907	3
65482334	1992918941	2
65482334	2067241419	2
65482334	2096614520	2
65482334	2116795959	2
65482334	2122349845	2
65482334	2154334179	2
65482334	2158576007	2
65482334	2206525224	2
65482334	2312522655	2
65482334	2337029216	2
65482334	2500938366	2
65482334	2580629517	2
1992918941	2067241419	2
1992918941	2096614520	2
1992918941	2116795959	2
1992918941	2122349845	2
1992918941	2154334179	2
1992918941	2158576007	2
1992918941	2206525224	2
1992918941	2312522655	2
1992918941	2337029216	2
1992918941	2500938366	2
1992918941	2580629517	2
2067241419	2096614520	2
2067241419	2116795959	2
2067241419	2122349845	2
2067241419	2154334179	2
2067241419	2158576007	2
2067241419	2206525224	2
2067241419	2312522655	2
2067241419	2337029216	2
2067241419	2500938366	2
2067241419	2580629517	2
2096614520	2116795959	2
2096614520	2122349845	2
2096614520	2154334179	2
2096614520	2158576007	2
2096614520	2206525224	2
2096614520	2312522655	2
2096614520	2337029216	2
2096614520	2500938366	2
2096614520	2580629517	2
2116795959	2122349845	2
2116795959	2154334179	2
2116795959	2158576007	2
2116795959	2206525224	2
2116795959	2312522655	2
2116795959	2337029216	2
2116795959	2500938366	2
2116795959	2580629517	2
2122349845	2154334179	2
2122349845	2158576007	2
2122349845	2206525224	2
2122349845	2312522655	2
2122349845	2337029216	2
2122349845	2500938366	2
2122349845	2580629517	2
2154334179	2158576007	2
2154334179	2206525224	2
2154334179	2312522655	2
2154334179	2337029216	2
2154334179	2500938366	2
2154334179	2580629517	2
2158576007	2206525224	2
2158576007	2312522655	2
2158576007	2337029216	2
2158576007	2500938366	2
2158576007	2580629517	2
2206525224	2312522655	2
2206525224	2337029216	2
2206525224	2500938366	2
2206525224	2580629517	2
2312522655	2337029216	2
2312522655	2500938366	2
2312522655	2580629517	2
2337029216	2500938366	2
2337029216	2580629517	2
2500938366	2580629517	2
2329824650	2494372738	2
259648431	2171162385	2
2162647303	1648875902	2
2162647303	2051397282	2
2162647303	2056283921	2
2162647303	2292656713	2
2162647303	2463985155	2
2162647303	2625435622	2
2006827713	2143049959	2
341443032	2562043639	2
341443032	1968652778	2
341443032	1977713624	2
341443032	2118311768	3
341443032	2123635858	2
341443032	2304231218	2
2562043639	1977713624	2
2562043639	2118311768	2
2562043639	2123635858	2
2562043639	2304231218	2
1968652778	2118311768	2
1977713624	2118311768	2
1977713624	2123635858	2
1977713624	2304231218	2
2118311768	2123635858	2
2118311768	2304231218	2
2123635858	2304231218	2
2338517201	2437897883	2
2158583604	2461051700	2
2070487554	2184751820	2
2125948667	2553853242	2
2125948667	2807446246	2
2553853242	2807446246	3
2496578288	2505690876	3
2097818926	2106474229	2
2097818926	2147958492	2
2097818926	2153928419	2
2097818926	2235225601	2
2106474229	2147958492	2
2106474229	2153928419	2
2106474229	2235225601	2
2147958492	2153928419	2
2147958492	2235225601	2
2153928419	2235225601	2
1693440394	2306355264	2
1693440394	2498459036	2
1693440394	2555925137	2
2306355264	2498459036	2
2306355264	2555925137	2
2498459036	2555925137	2
2281829638	2315916990	2
1985980514	2070555971	2
1985980514	2148523651	2
2070555971	2148523651	2
2217706340	2549882052	2
2028134454	2179171940	2
2028134454	2471311506	3
2179171940	2471311506	2
2003062268	2338593209	2
2089290028	2475858304	2
2120096001	2150364497	2
2120096001	2515366397	2
2150364497	2515366397	2
2147937954	2334822462	2
2147937954	2639859269	2
2147937954	2060589308	2
2147937954	2074027194	2
2147937954	2426548113	2
2147937954	2585005908	2
2147937954	1676242547	2
2334822462	2169693604	2
144744205	2098439775	2
2275652968	2718414290	2
2718414290	2119121464	2
2718414290	2750093350	2
2056939871	2510630987	3
2056939871	2138145762	2
2510630987	2138145762	2
2074841545	2399943128	2
2102233547	2125633695	2
2125633695	2191349915	2
2625497599	2790408983	2
2208915437	2511963659	3
2208915437	2422337323	2
2511963659	2422337323	2
293136163	1931024305	3
293136163	2555676855	3
1931024305	2555676855	2
2070294140	625337217	2
2070294140	2225242746	2
2036538439	2095622700	2
2036538439	2098026872	2
2036538439	2136771915	2
2095622700	2098026872	2
2095622700	2136771915	2
2098026872	2136771915	2
299154962	2077129060	2
299154962	2779208358	3
2077129060	2779208358	2
2165253481	2276805988	2
2165253481	2548240100	2
2276805988	2548240100	2
2303566508	2559052947	2
297966574	2565131969	2
297966574	2657449240	2
2565131969	2657449240	2
2111781595	2570484717	2
1964832577	2026028503	2
1964832577	2099893173	2
1964832577	2250862909	2
1964832577	2291925053	2
1964832577	2507741529	2
1964832577	2528927589	2
1964832577	2535984362	2
1964832577	2707321818	2
2026028503	2099893173	2
2026028503	2250862909	2
2026028503	2291925053	2
2026028503	2507741529	2
2026028503	2528927589	2
2026028503	2535984362	2
2026028503	2707321818	2
2099893173	2250862909	2
2099893173	2291925053	2
2099893173	2507741529	2
2099893173	2528927589	2
2099893173	2535984362	2
2099893173	2707321818	2
2250862909	2291925053	2
2250862909	2507741529	2
2250862909	2528927589	2
2250862909	2535984362	2
2250862909	2707321818	2
2291925053	2507741529	2
2291925053	2528927589	2
2291925053	2535984362	2
2291925053	2707321818	2
2507741529	2528927589	2
2507741529	2535984362	2
2507741529	2707321818	2
2528927589	2535984362	2
2528927589	2707321818	2
2535984362	2707321818	2
1992587261	2306597873	2
2170780424	2309584148	2
2102297535	2185710426	2
2102297535	2260376612	2
2102297535	2510032319	2
2102297535	2777117742	2
2185710426	2260376612	2
2185710426	2510032319	2
2185710426	2777117742	2
2260376612	2510032319	2
2260376612	2777117742	2
2510032319	2777117742	2
2158657642	2232340118	2
2019543656	2116214606	5
2064642110	2143957170	2
2064642110	2346860416	2
2143957170	2346860416	2
2273186241	2617324970	2
2127205733	2755652636	2
171993090	2037703713	2
2106824276	2124030311	3
1987882574	2098769636	2
1269139565	2106977124	2
1910265879	1984704815	2
1910265879	2084983926	2
1910265879	2190092051	2
2236832126	2443251960	2
2236832126	2731933031	2
2137342750	2586501380	2
2318395371	2586501380	2
2054150710	2114772544	2
2054150710	2124524292	2
2054150710	2569724337	2
2054150710	2764866134	2
2114772544	2124524292	2
2114772544	2569724337	2
2114772544	2764866134	2
2124524292	2569724337	2
2124524292	2764866134	2
2569724337	2764866134	2
2515987751	2680867987	2
2515987751	2687284342	2
2680867987	2687284342	2
2135901053	2145857775	2
2303060960	1493955623	2
1485070519	1975268933	2
2122885853	2250568513	2
2122885853	2276557681	2
2122885853	2466739996	2
2122885853	2549060062	2
2122885853	2559297993	2
2250568513	2276557681	3
2250568513	2466739996	2
2250568513	2549060062	3
2250568513	2559297993	2
2250568513	2862111231	2
2276557681	2466739996	2
2276557681	2549060062	4
2276557681	2559297993	3
2276557681	2811393462	2
2276557681	2862111231	3
2276557681	2892446417	2
2466739996	2549060062	2
2466739996	2559297993	2
2549060062	2559297993	3
2549060062	2811393462	2
2549060062	2862111231	3
2549060062	2892446417	3
2559297993	2862111231	2
2811393462	2862111231	2
2811393462	2892446417	2
2862111231	2892446417	2
2002789984	2037996106	2
2119121464	2750093350	2
1480023624	1620525755	2
1620525755	2756288196	2
5609113	2580005747	2
2076242776	2619665676	2
2059088103	2298348976	2
2561533359	2734971456	2
1990651401	2055147421	2
1990651401	2277374105	2
2055147421	2277374105	2
2498245549	2584118853	2
2028942533	2003254816	2
2221430044	2526603222	2
1648875902	2150007577	2
1648875902	2157668860	2
2137075450	2439613364	2
2439613364	2569963578	2
2439613364	2137538990	2
2439613364	2284759720	2
2439613364	2336455079	2
2439613364	2631627998	2
2494523267	2612750008	2
2639859269	2060589308	2
2639859269	2074027194	2
2639859269	2426548113	2
2639859269	2585005908	2
2060589308	2074027194	2
2060589308	2426548113	2
2060589308	2585005908	2
2074027194	2426548113	2
2074027194	2585005908	2
2426548113	2585005908	2
1991762307	2734977379	2
2167979950	2226827396	2
2241389609	2581546326	2
2005850882	2343364847	2
2619286270	2699268465	2
271110177	2317112315	2
271110177	2596992963	2
2317112315	2596992963	2
1999397954	2595122030	4
2312899205	2464324468	2
2146878399	2599676269	2
2073788077	2077248678	2
2073788077	2570486939	2
2077248678	2570486939	2
2072898194	2170374040	2
2072898194	2257742654	2
2170374040	2257742654	2
2088810972	2600319087	2
2088810972	2106705987	2
2251653182	2555392985	2
2119172373	2811235605	3
393968188	1461684358	2
393968188	2016379643	2
1461684358	2016379643	2
2425052407	2758355463	2
237229150	2062000835	2
237229150	2111043303	2
2062000835	2111043303	2
2106512700	2554892675	2
2056000378	2058059856	2
2056000378	2495437708	2
2058059856	2495437708	2
2150007577	2157668860	2
1265654923	1940452935	2
1265654923	2661646367	2
1999915704	2438665727	2
2308961402	2585641185	2
1775664018	2326806231	2
1775664018	2550126532	2
2326806231	2550126532	2
2504933515	2685606190	2
131004635	1981851555	2
131004635	2102888800	2
1981851555	2102888800	2
727177833	1917788682	2
727177833	2258807246	2
727177833	2658545522	2
1917788682	2258807246	2
1917788682	2658545522	2
2258807246	2658545522	2
2107069057	2794053995	2
1620496951	2035647698	2
1940452935	2661646367	2
575626851	1966020791	2
575626851	2091584017	2
1966020791	2091584017	2
1980549073	2225242746	2
2225242746	625337217	2
2443251960	2731933031	2
191690832	1318721557	4
191690832	1969690828	4
191690832	2119052042	4
191690832	2120121879	4
191690832	2159248644	4
191690832	2545595243	4
191690832	2564093876	4
191690832	2734415296	4
191690832	2734671159	4
1318721557	1969690828	4
1318721557	2119052042	4
1318721557	2120121879	4
1318721557	2159248644	4
1318721557	2545595243	4
1318721557	2564093876	4
1318721557	2734415296	4
1318721557	2734671159	4
1969690828	2119052042	4
1969690828	2120121879	4
1969690828	2159248644	4
1969690828	2545595243	4
1969690828	2564093876	4
1969690828	2734415296	4
1969690828	2734671159	4
2119052042	2120121879	4
2119052042	2159248644	4
2119052042	2545595243	4
2119052042	2564093876	4
2119052042	2734415296	4
2119052042	2734671159	4
2120121879	2159248644	4
2120121879	2545595243	4
2120121879	2564093876	4
2120121879	2734415296	4
2120121879	2734671159	4
2159248644	2545595243	4
2159248644	2564093876	4
2159248644	2734415296	5
2159248644	2734671159	4
2545595243	2564093876	4
2545595243	2734415296	4
2545595243	2734671159	4
2564093876	2734415296	4
2564093876	2734671159	4
2734415296	2734671159	4
2035991002	2103657788	2
2035991002	2799809644	2
2103657788	2799809644	2
2624539248	2736625152	2
2137538990	2284759720	2
2123470643	2415320013	2
2115927097	2545954840	2
2115927097	2602825810	2
2115927097	2627074131	2
2115927097	2018470647	2
2115927097	2088582833	2
2545954840	2602825810	2
2545954840	2627074131	2
2545954840	2018470647	2
2545954840	2088582833	2
2602825810	2627074131	2
2602825810	2018470647	2
2602825810	2088582833	2
2627074131	2018470647	2
2627074131	2088582833	2
2018470647	2088582833	2
2796548884	2127770093	2
2122778954	2499859809	2
2506406947	2754281942	2
241449942	2754717890	2
2386129961	2509875822	2
2386129961	2634104762	2
2386129961	2679898845	2
2509875822	2634104762	2
2509875822	2679898845	2
2559420865	2634104762	2
2559420865	2679898845	2
2634104762	2679898845	3
2048585480	2126571783	2
2121282056	2161907566	2
156439643	2146538283	2
89426229	2115555944	2
89426229	2511181742	2
2115555944	2511181742	2
2127035636	2767326580	2
2127035636	2767502712	2
2127035636	2767988604	2
2127035636	2767275215	2
2767326580	2767502712	2
2767326580	2767988604	2
2767326580	2767275215	2
2767502712	2767988604	2
2767502712	2767275215	2
2767988604	2767275215	2
2767728449	2767926482	2
2767728449	2767952936	2
2767728449	2777730864	2
2767926482	2767952936	2
2767926482	2777730864	2
2767952936	2777730864	2
2480282260	2544338984	3
2086185863	2112524484	2
2086185863	2290320868	2
2086185863	2309421668	2
2086185863	2696767316	2
2086185863	2775487959	2
2112524484	2290320868	2
2112524484	2309421668	3
2112524484	2696767316	2
2112524484	2775487959	2
2290320868	2309421668	2
2290320868	2696767316	2
2290320868	2775487959	2
2309421668	2696767316	2
2309421668	2775487959	2
2696767316	2775487959	2
1871564229	2262202110	2
2789049814	2800389637	2
1219974995	1968492860	2
1850173451	2125007957	2
2503853479	2547015115	2
2503853479	2588808075	2
2503853479	2779325905	2
2503853479	2781009774	2
2547015115	2588808075	2
2547015115	2779325905	2
2547015115	2781009774	2
2588808075	2779325905	2
2588808075	2781009774	2
2779325905	2781009774	2
1209727326	1250332475	2
1209727326	1973085794	2
1209727326	2050791845	2
1209727326	2120253073	2
1209727326	2127800919	2
1209727326	2176107539	2
1209727326	2263189583	2
1209727326	2307543747	2
1209727326	2342667575	2
1209727326	2426887351	2
1209727326	2430761810	2
1209727326	2593636202	2
1209727326	2617638698	2
1209727326	2663731535	2
1209727326	2689897219	2
1209727326	2778933216	2
1250332475	1973085794	2
1250332475	2050791845	2
1250332475	2120253073	2
1250332475	2127800919	2
1250332475	2176107539	2
1250332475	2263189583	2
1250332475	2307543747	2
1250332475	2342667575	2
1250332475	2426887351	2
1250332475	2430761810	2
1250332475	2593636202	2
1250332475	2617638698	2
1250332475	2663731535	2
1250332475	2689897219	2
1250332475	2778933216	2
1973085794	2050791845	2
1973085794	2120253073	2
1973085794	2127800919	2
1973085794	2176107539	2
1973085794	2263189583	2
1973085794	2307543747	2
1973085794	2342667575	2
1973085794	2426887351	2
1973085794	2430761810	2
1973085794	2593636202	2
1973085794	2617638698	2
1973085794	2663731535	2
1973085794	2689897219	2
1973085794	2778933216	2
2050791845	2120253073	2
2050791845	2127800919	2
2050791845	2176107539	2
2050791845	2263189583	2
2050791845	2307543747	2
2050791845	2342667575	2
2050791845	2426887351	2
2050791845	2430761810	2
2050791845	2593636202	2
2050791845	2617638698	2
2050791845	2663731535	2
2050791845	2689897219	2
2050791845	2778933216	2
2120253073	2127800919	2
2120253073	2176107539	2
2120253073	2263189583	2
2120253073	2307543747	2
2120253073	2342667575	2
2120253073	2426887351	2
2120253073	2430761810	2
2120253073	2593636202	2
2120253073	2617638698	2
2120253073	2663731535	2
2120253073	2689897219	2
2120253073	2778933216	2
2127800919	2176107539	2
2127800919	2263189583	2
2127800919	2307543747	2
2127800919	2342667575	2
2127800919	2426887351	2
2127800919	2430761810	2
2127800919	2593636202	2
2127800919	2617638698	2
2127800919	2663731535	2
2127800919	2689897219	2
2127800919	2778933216	2
2176107539	2263189583	2
2176107539	2307543747	2
2176107539	2342667575	2
2176107539	2426887351	2
2176107539	2430761810	2
2176107539	2593636202	2
2176107539	2617638698	2
2176107539	2663731535	2
2176107539	2689897219	2
2176107539	2778933216	2
2263189583	2307543747	2
2263189583	2342667575	2
2263189583	2426887351	2
2263189583	2430761810	2
2263189583	2593636202	2
2263189583	2617638698	2
2263189583	2663731535	2
2263189583	2689897219	2
2263189583	2778933216	2
2307543747	2342667575	2
2307543747	2426887351	2
2307543747	2430761810	2
2307543747	2593636202	2
2307543747	2617638698	2
2307543747	2663731535	2
2307543747	2689897219	2
2307543747	2778933216	2
2342667575	2426887351	2
2342667575	2430761810	2
2342667575	2593636202	2
2342667575	2617638698	2
2342667575	2663731535	2
2342667575	2689897219	2
2342667575	2778933216	2
2426887351	2430761810	2
2426887351	2593636202	2
2426887351	2617638698	2
2426887351	2663731535	2
2426887351	2689897219	2
2426887351	2778933216	2
2430761810	2593636202	2
2430761810	2617638698	2
2430761810	2663731535	2
2430761810	2689897219	2
2430761810	2778933216	2
2593636202	2617638698	2
2593636202	2663731535	2
2593636202	2689897219	2
2593636202	2778933216	2
2617638698	2663731535	2
2617638698	2689897219	2
2617638698	2778933216	2
2663731535	2689897219	2
2663731535	2778933216	2
2689897219	2778933216	2
2101739965	2149143259	2
2101739965	2758438320	2
2149143259	2758438320	2
1984704815	2084983926	2
1984704815	2190092051	2
2084983926	2190092051	2
2788309608	2788628645	2
2788309608	2788962620	2
2788309608	2894487362	2
2788628645	2788962620	2
2788628645	2894487362	2
2788962620	2894487362	2
2140602580	2528680676	2
2054957299	2658039365	2
2041486651	2236240665	2
2041486651	2117102537	2
2051897755	2180674968	2
2192349101	2246612467	2
2051397282	2056283921	2
2051397282	2292656713	2
2051397282	2463985155	2
2051397282	2625435622	2
2051397282	2625522350	2
2056283921	2292656713	2
2056283921	2463985155	2
2056283921	2625435622	2
2292656713	2463985155	2
2292656713	2625435622	2
2463985155	2625435622	2
2610643365	2640569812	2
2610643365	2770290003	2
2640569812	2770290003	2
2336455079	2631627998	2
2329327125	2803570870	2
2329327125	2803708069	2
2803570870	2803708069	2
293395087	2570892415	2
2432065220	2808509588	3
712856414	1208485575	2
1996352144	2299708248	2
1996352144	2718617437	2
1996352144	2791052744	2
2299708248	2718617437	2
2299708248	2791052744	2
2718617437	2791052744	2
2071276543	2153153133	2
2655515652	2890296996	2
419834089	2902594277	2
