institution,betweenness,closeness,degree,eigenvector
chalmers university of technology,0.0021743227063007473,0.23355803091883479,0.0048367593712212815,0.002116113564661423
sichuan university,6.76977845461702e-05,0.2851630304310933,0.008464328899637243,0.03757126204478846
university of california berkeley,0.022192476314501233,0.3303478455338474,0.041112454655380895,0.11052860942954913
stockholm university,0.0156217522329587,0.3129349319891416,0.03264812575574365,0.0536177056739637
university of london,0.08931535599238258,0.3850317384325942,0.1414752116082225,0.28473347798243565
makerere university,0.003013131569050334,0.31090592744257856,0.022974607013301087,0.08527429374664541
rti international,0.0018132320733082333,0.2944574324621493,0.013301088270858524,0.05621226134806008
university of wisconsin madison,0.004855977790755451,0.26038696095337094,0.009673518742442563,0.009244679934311065
stanford university,0.028274898987722962,0.3502058340013315,0.06166868198307134,0.13648108236576909
university of california,0.002412404091285885,0.2893994357114067,0.006045949214026602,0.02494124523964471
portland state university,1.6227734496879525e-05,0.2296854769795026,0.0024183796856106408,0.002563665313532227
oregon state university,0.0006042038515130678,0.2723313169604063,0.0048367593712212815,0.01226904980246605
ghent university,0.01226140343795678,0.29712411083049095,0.014510278113663844,0.0470485696169327
umm al qura university,0.0,0.0012091898428053204,0.0012091898428053204,8.908325072181525e-18
birla institute of technology and science,0.0,0.0012091898428053204,0.0012091898428053204,8.908325072181525e-18
teri university,0.0,0.23856348431778418,0.0012091898428053204,0.0022868894271191507
utrecht university,0.008236519995868056,0.309824246780502,0.025392986698911726,0.04274501217115061
kyung hee university,0.0,0.001612253123740427,0.0012091898428053204,1.0603919050306407e-16
purdue university,0.00029020143200805614,0.2445533089534602,0.0048367593712212815,0.0027279153792527603
indian agricultural research institute,0.0,0.0012091898428053204,0.0012091898428053204,8.908325072181525e-18
university of victoria,0.0090828564489953,0.28321962040998183,0.008464328899637243,0.012674095436942569
george mason university,0.00082682279821411,0.2743690072721699,0.008464328899637243,0.015041929504831315
wageningen university and research centre,0.04315766831926851,0.31044142655496515,0.06408706166868199,0.0546267952008738
agricultural research service,2.2671148243287644e-05,0.24904769657306036,0.003627569528415961,0.005018718261986706
university of california davis,0.005141014981643025,0.3052724703831391,0.020556227327690448,0.053330910717835724
unicef,0.013142616305961365,0.33897030153473084,0.05683192261185006,0.16171238327230758
university of bergen,0.0024055838467704088,0.27138284045379624,0.009673518742442563,0.022389755081469866
university of arizona,0.0005793017910959088,0.2892651436298701,0.012091898428053204,0.03125920940931728
university of colorado boulder,0.011511668752804577,0.3040811631816439,0.02781136638452237,0.05572582229905151
university of utah,0.0016817979070403825,0.28296249864837497,0.008464328899637243,0.0239178989285309
university of tokyo,0.009830123117275236,0.27008942137017766,0.012091898428053204,0.010478703738044224
tohoku university,0.0,0.20607153207351075,0.0012091898428053204,0.00039511644855218367
international fertilizer development center,0.0,0.22875830624674132,0.0012091898428053204,0.002059930207952085
university of birmingham,0.0,0.22152323543794242,0.0012091898428053204,0.002017766191087953
university of brasilia,0.00017771913533003002,0.2462925264805887,0.0024183796856106408,0.005366517236797396
romanian academy,0.0,0.0012091898428053204,0.0012091898428053204,8.908325072181525e-18
national defence college india,0.0,0.0012091898428053204,0.0012091898428053204,8.908325072181525e-18
mekelle university,7.843339468155027e-05,0.21260790740872101,0.0024183796856106408,0.0008454308929717765
griffith university,0.01419295410202725,0.29252293971016896,0.016928657799274487,0.033745175411382125
princess alexandra hospital,0.0,0.21887864625083217,0.0012091898428053204,0.001272285338502852
university of massachusetts amherst,0.0,0.2519670107204406,0.0024183796856106408,0.010263662255938727
commonwealth scientific and industrial research organisation,0.04927158190813134,0.33823460907345093,0.06408706166868199,0.0889234423942244
oak ridge national laboratory,0.006815287395998177,0.2546431309323407,0.008464328899637243,0.0068464256185375005
university of the witwatersrand,0.01784678529697327,0.3391547249849674,0.05078597339782345,0.15239231329991523
amity university,0.0,0.001612253123740427,0.0012091898428053204,1.0603919050306407e-16
university of miami,0.0020992472573642005,0.24105428635822504,0.0024183796856106408,0.00421096982173118
south florida water management district,0.0,0.18872733409699366,0.0012091898428053204,0.00015876842779933659
united states forest service,4.6787434995715654e-05,0.25642385212767177,0.003627569528415961,0.007192882452095277
pontifical catholic university of chile,0.0,0.20160620456739006,0.0012091898428053204,0.0003491097919482658
massachusetts institute of technology,0.007898458011646821,0.27791635511474366,0.012091898428053204,0.018651767696433556
university of helsinki,0.0,0.15902203686795155,0.0012091898428053204,1.0707715512906629e-05
united nations university,0.006842079243988424,0.2527844219474331,0.008464328899637243,0.004896297747951379
university of lisbon,0.002620529454375012,0.2342601971147576,0.0048367593712212815,0.0023249361902588726
columbia university,0.0608496627819824,0.37349693500441583,0.08585247883917775,0.19280281372728966
universidade nova de lisboa,0.014690806776448385,0.2558975305921059,0.010882708585247883,0.007277452767331707
deutsche gesellschaft fur internationale zusammenarbeit,0.0,0.0012091898428053204,0.0012091898428053204,8.908325072181525e-18
australian national university,0.042128119096663044,0.3425090024848187,0.05562273276904474,0.10404131642795292
harvard university,0.06578145140375323,0.37282678500141747,0.10761789600967352,0.24241218040607795
university of sao paulo,0.022685313948129386,0.3076833092410513,0.025392986698911726,0.047903753660120216
federal university of sao paulo,0.0,0.22725715804679916,0.0012091898428053204,0.0018059982043723778
federal university of rio de janeiro,0.006139785859774944,0.2879290459687621,0.012091898428053204,0.026420214866868436
university of auckland,0.0009363163378972126,0.31013252961311943,0.022974607013301087,0.08881847777667565
south african medical research council,3.6828640232310906e-05,0.2965586986310038,0.010882708585247883,0.05708152776572841
massey university,0.0,0.0012091898428053204,0.0012091898428053204,8.908325072181525e-18
landcare research,0.004192638873843145,0.22120879507536195,0.003627569528415961,0.0011198302239176158
university of queensland,0.021863043732774704,0.33122549655811373,0.04836759371221282,0.10046656717577485
university of melbourne,0.03015917149552342,0.3457384273557238,0.045949214026602174,0.1332558880204831
university of oslo,6.148826418183776e-05,0.28846200116722354,0.0048367593712212815,0.023585420597774742
teikyo university,0.0,0.20607153207351075,0.0012091898428053204,0.00039511644855218367
university of dhaka,0.0,0.20607153207351075,0.0012091898428053204,0.00039511644855218367
australian defence force academy,0.0,0.0012091898428053204,0.0012091898428053204,8.908325072181525e-18
cairo university,0.0,0.0012091898428053204,0.0012091898428053204,8.908325072181525e-18
ecole polytechnique federale de lausanne,0.001565414396729873,0.25298960410810467,0.007255139056831922,0.0075629020560493984
swiss federal laboratories for materials science and technology,6.060588316239742e-05,0.2082052052512926,0.0024183796856106408,0.0006342475370693234
university of navarra,0.0,0.24964612916394474,0.0012091898428053204,0.005145892541142239
fraunhofer society,0.0020992472573642005,0.19645962323427987,0.0024183796856106408,0.0002060793182247906
national institute for environmental studies,0.0004526569112818151,0.2650367281132525,0.008464328899637243,0.011348215406835473
indian institute of management ahmedabad,0.0,0.20305093958383388,0.0012091898428053204,0.0003846562082034392
international rice research institute,0.0,0.22875830624674132,0.0012091898428053204,0.002059930207952085
indian institute of science,0.006286030490322089,0.2003105348722269,0.0048367593712212815,0.00037215701814712646
lawrence berkeley national laboratory,0.00837309640245901,0.25962781529461476,0.003627569528415961,0.009827985119962898
international food policy research institute,0.006902795514117831,0.3039329032288493,0.026602176541717048,0.052628448229169324
university of illinois at urbana champaign,0.003026800030960797,0.28309100114549046,0.010882708585247883,0.016841380640009233
aalborg university,0.0,0.0012091898428053204,0.0012091898428053204,8.908325072181525e-18
queensland university of technology,0.0003017828872670697,0.2692727362947603,0.006045949214026602,0.011798981603120992
university of ghana,0.007222375724394091,0.2811756357791475,0.019347037484885126,0.03340557706762049
university of california santa barbara,5.701963674693628e-05,0.2754601787549138,0.0048367593712212815,0.01633712910324069
university of british columbia,0.026841533833653963,0.33157786410764367,0.05078597339782345,0.10070226095961188
university of cape town,0.03368860727920378,0.34942061912688904,0.05078597339782345,0.13929352347908847
boston children s hospital,0.003410697548726279,0.30557175711880885,0.022974607013301087,0.07099526483734693
university of alberta,0.0,0.1548736359061789,0.0012091898428053204,5.413487187645684e-06
university of venda,0.0,0.20539254844229654,0.0012091898428053204,0.0005944081987974936
moi university,0.0,0.24133425649336815,0.0012091898428053204,0.005227895966119841
university of pretoria,0.0032065666855766667,0.29252293971016896,0.012091898428053204,0.035855160435845364
university of toronto,0.022290101572992178,0.33406558656075563,0.053204353083434096,0.13866925014216047
montana state university,0.0,0.19865085548832695,0.003627569528415961,0.00030907570933070167
colorado state university,0.0087584253527966,0.25727048473890635,0.012091898428053204,0.0075447485694594
south dakota state university,1.964530945446135e-05,0.20050382261896751,0.0048367593712212815,0.0003433973006013668
utah state university,0.0,0.2004393519364534,0.0024183796856106408,0.0003622247251677608
university of wyoming,0.0,0.19865085548832695,0.003627569528415961,0.00030907570933070167
university of zurich,0.0,0.19221905165660502,0.0012091898428053204,0.00016405173101211436
university of botswana,0.0,0.22561215509314878,0.0012091898428053204,0.002558129612986673
rhodes university,0.0,0.21887864625083217,0.0012091898428053204,0.001351743477081804
international university cambodia,0.0,0.0012091898428053204,0.0012091898428053204,8.908325072181525e-18
national university of singapore,0.002294575844995449,0.27340630900103946,0.007255139056831922,0.014724230431640763
rmit university,0.004202490506352511,0.22758904144664843,0.003627569528415961,0.0016501135938340782
monash university,0.006879476180030632,0.29047827796941755,0.014510278113663844,0.033496035818603095
university of leeds,0.014474305253759936,0.3251780826929421,0.03143893591293833,0.06419666269009154
eth zurich,0.005690453511866106,0.2624700566409979,0.006045949214026602,0.009260163052694018
cornell university,0.006810132721500312,0.3175580155488385,0.02418379685610641,0.06899181446238091
california institute of technology,0.0,0.23259939720983958,0.0012091898428053204,0.0026011119955580767
brown university,0.0,0.2181891440400315,0.0012091898428053204,0.0010025146066964753
woodrow wilson international center for scholars,0.0001999590288068534,0.25453915252036347,0.009673518742442563,0.007495942188150825
virginia tech,0.0004658147339888804,0.24894823663033944,0.007255139056831922,0.004796920097826171
northwestern university,0.00024059372647829402,0.2962767987273622,0.015719467956469165,0.06186374628640077
university of southern california,0.0002438461258394189,0.2806692411176812,0.006045949214026602,0.018715285050564533
university of tsukuba,0.0,0.1806335510061924,0.0012091898428053204,0.00010793736245080725
agro paristech,0.0,0.1935920448827236,0.0012091898428053204,0.00020493868556259857
institut national de la recherche agronomique,0.004291228172479551,0.24904769657306036,0.007255139056831922,0.005434913475408289
tufts university,0.00015371437031089187,0.29252293971016896,0.008464328899637243,0.043981323042244405
united states geological survey,0.0028555658419457293,0.2601696095669324,0.009673518742442563,0.00984642254921588
tsinghua university,0.007367354503476956,0.271974862357055,0.012091898428053204,0.010587880646212374
princeton university,0.000627717688070992,0.2825776901733318,0.007255139056831922,0.020830391326556133
university of eastern finland,0.004203392804802257,0.25054918992056674,0.007255139056831922,0.00751672562162633
united states environmental protection agency,0.002246665861842664,0.24815540785126197,0.003627569528415961,0.005136593782805906
james cook university,0.0035211822186545453,0.290613699078028,0.021765417170495766,0.04019197945402142
aalto university,0.0,0.18410111769709686,0.0012091898428053204,7.978876214714484e-05
asian development bank,0.0,0.18907078693429483,0.0012091898428053204,0.00017074643129781172
brookings institution,0.0020992472573642005,0.24161487772184886,0.0024183796856106408,0.004529071074761232
united nations development programme,0.004258369822150447,0.2899378532662186,0.010882708585247883,0.029608331524556043
global environment facility,0.0,0.2174281076115696,0.0012091898428053204,0.0011162488207496733
university of paris,0.0022040776233658967,0.20841403695164495,0.003627569528415961,0.0004332883232454067
university of bonn,0.00013879577929073786,0.22951634187127026,0.0024183796856106408,0.0021689929329912006
national university of la plata,0.0,0.24142772444708369,0.0012091898428053204,0.00452263416530131
world bank,0.024808011880577414,0.33424471019966223,0.05199516324062878,0.11996168297315377
university of twente,0.01203093160127296,0.3112163677096206,0.03506650544135429,0.05447891892423021
instituto politecnico nacional,0.0,0.16141024974685914,0.0012091898428053204,8.058908515449132e-06
federal university of technology minna,0.0,0.0012091898428053204,0.0012091898428053204,8.908325072181525e-18
national technical university of athens,0.0020992472573642005,0.2259392477427945,0.006045949214026602,0.002101006680396496
united nations,0.021641461589519816,0.3367727631131119,0.03143893591293833,0.09074989563126927
aarhus university,0.0022078555127064336,0.24678004137861048,0.007255139056831922,0.004350130054885717
university of technology sydney,4.551543706750395e-06,0.2337331775486952,0.0024183796856106408,0.003105352220659101
university of alabama at birmingham,3.3329687404287096e-05,0.23408426005346228,0.003627569528415961,0.006169376706421854
addis ababa university,0.002801071479055286,0.26447449491827324,0.008464328899637243,0.009781059250607621
technische universitat munchen,0.0,0.20160620456739006,0.0012091898428053204,0.0003491097919482658
university of manchester,0.005646125333284213,0.3052724703831391,0.018137847642079805,0.05326252740579817
university of potsdam,0.0,0.2206606670875646,0.0024183796856106408,0.0014956707863690848
university of tubingen,0.0,0.1916870801114299,0.0012091898428053204,0.00014812072918143397
university of hamburg,0.0008220748842996644,0.25391706090524235,0.003627569528415961,0.00586535522455233
university of gothenburg,0.003208694499737021,0.2797874257281732,0.006045949214026602,0.013475660302376773
european observatory on health systems and policies,0.0,0.26685204816882274,0.0012091898428053204,0.01073466611220216
national bureau of economic research,0.0,0.19486288981630823,0.0012091898428053204,0.000354697750706507
cawthron institute,0.0,0.17639116709744482,0.0024183796856106408,4.388428968689923e-05
environment canterbury,0.0,0.17639116709744482,0.0024183796856106408,4.388428968689923e-05
university of calabria,0.0,0.17887127245979054,0.0024183796856106408,4.570980461404411e-05
university of maryland college park,0.0024703452023204604,0.2463898753052846,0.006045949214026602,0.0036272808520386255
university of new mexico,4.994667967182252e-05,0.22215480560312542,0.003627569528415961,0.0019814654784736027
university of alaska fairbanks,0.002873474719769998,0.2877961147379363,0.019347037484885126,0.0355486769004326
university of south africa,0.002104583025594391,0.24551649646410795,0.003627569528415961,0.007107161684328697
ohio state university,0.0002582652838497253,0.24283848247852358,0.0048367593712212815,0.004792615425892346
carter center,9.201721391116241e-06,0.24340741293337367,0.003627569528415961,0.009036042519263246
emory university,0.002890189942641215,0.30813958701056354,0.016928657799274487,0.07577971727203825
inner mongolia university,0.0,0.23434826485803384,0.0024183796856106408,0.0025356940869337772
arizona state university,0.007791901502877141,0.2972658009167239,0.020556227327690448,0.036498789608101115
university of tennessee,0.004160908568432087,0.25758941509188843,0.009673518742442563,0.004510975518679474
university of oxford,0.02499527981971848,0.34689281275590983,0.05562273276904474,0.12880806181962867
seoul national university,0.0041955666942857725,0.19758047053006972,0.006045949214026602,0.0003519647484228464
universiti tun hussein onn malaysia,0.0,0.0012091898428053204,0.0012091898428053204,8.908325072181525e-18
polytechnic university of milan,0.0,0.0012091898428053204,0.0012091898428053204,8.908325072181525e-18
polytechnic university of turin,0.0,0.0012091898428053204,0.0012091898428053204,8.908325072181525e-18
curtin university,0.01149209959009266,0.26038696095337094,0.003627569528415961,0.010295086300832399
chinese academy of sciences,0.032858737853449824,0.30260504103027674,0.03264812575574365,0.030748359656777247
xiamen university,0.0,0.0012091898428053204,0.0012091898428053204,8.908325072181525e-18
georgia institute of technology,0.002103602716455814,0.2350551977836991,0.003627569528415961,0.003493223352791501
poznan university of technology,0.0,0.24040354204487854,0.0024183796856106408,0.0025257121343469882
international institute for applied systems analysis,0.028703577624921484,0.32877973867213606,0.03869407496977025,0.06065305533794089
swedish university of agricultural sciences,0.00019087123478774164,0.25495557649176687,0.0048367593712212815,0.007521613111250052
carleton university,0.0004624940543377149,0.2546431309323407,0.007255139056831922,0.006333733758642698
university of ibadan,0.0020992472573642005,0.24208403282422133,0.0024183796856106408,0.004439511296027951
university of nebraska lincoln,0.0004853411140558058,0.21811280074260672,0.0048367593712212815,0.000944496534887214
shandong university,0.00039935860861446795,0.21348163853505822,0.003627569528415961,0.0005847517567131627
university of zimbabwe,0.0,0.0012091898428053204,0.0012091898428053204,8.908325072181525e-18
university of bern,0.0020992472573642005,0.267769065516482,0.0024183796856106408,0.010159476462293303
spanish national research council,0.00442887754445537,0.26973880766870184,0.008464328899637243,0.010917298131199989
international water management institute,0.0007812159686392203,0.2792860145709543,0.013301088270858524,0.02326292455681431
temple university,0.0,0.2693891030779473,0.012091898428053204,0.01897889758369583
polytechnic university of catalonia,0.0021572258348787447,0.2019981803377738,0.003627569528415961,0.0004127754362231781
university of basilicata,0.0,0.15263623519156955,0.0012091898428053204,4.854837915775925e-06
sapienza university of rome,0.0020992472573642005,0.18514000134314523,0.0024183796856106408,0.0001287845591726387
johns hopkins university,0.06425598151575039,0.36475505238289646,0.12091898428053204,0.23935148799630576
karlsruhe institute of technology,7.424239004253203e-05,0.2118852428696023,0.003627569528415961,0.0006257894879359261
university of tehran,3.2206024868906836e-05,0.0048367593712212815,0.003627569528415961,4.7104840396218225e-15
technical university of berlin,0.004375928771537668,0.2536071539960822,0.0048367593712212815,0.005457708225408673
ca foscari university of venice,0.0,0.0024183796856106408,0.0024183796856106408,2.6006007484232784e-15
mcgill university,0.004738876330380681,0.2877961147379363,0.010882708585247883,0.03223510613196533
university of new south wales,0.005564028028746256,0.3063225476768403,0.021765417170495766,0.041652480607901034
university of sydney,0.0038132252235085714,0.320496855795563,0.019347037484885126,0.06137267903501802
stockholm resilience centre,0.0005200260199943417,0.2879290459687621,0.008464328899637243,0.025191223157171386
stellenbosch university,0.00613344079609047,0.3185316221371334,0.025392986698911726,0.06601001205094331
the nature conservancy,0.00047937008780704463,0.2618086453264889,0.007255139056831922,0.011789281732580167
university of canberra,0.0026189932860985377,0.25186520586762423,0.0048367593712212815,0.006590048326277178
polytechnic university of valencia,0.0,0.1814221142381752,0.0012091898428053204,7.80267701245807e-05
centre national de la recherche scientifique,0.00965155233338886,0.26425026897938536,0.009673518742442563,0.007245471621221707
pennsylvania state university,0.0010313781875624822,0.2790359823287243,0.008464328899637243,0.018437745687999853
world agroforestry centre,0.00012272019554569492,0.2446492874891562,0.006045949214026602,0.0048849628884045275
university of copenhagen,0.0029557704556469728,0.29769168315299427,0.014510278113663844,0.03265159109562905
center for international forestry research,0.0008803634094577546,0.27570384100945156,0.010882708585247883,0.015624523175662205
university of east anglia,0.005718403957936778,0.29983953079479075,0.020556227327690448,0.04399862138325565
kyoto university,0.0,0.0012091898428053204,0.0012091898428053204,8.908325072181525e-18
hedmark university college,0.0,0.0012091898428053204,0.0012091898428053204,8.908325072181525e-18
norwegian university of science and technology,0.0,0.0012091898428053204,0.0012091898428053204,8.908325072181525e-18
ecole normale superieure,0.0,0.16811391168348708,0.0012091898428053204,1.6337961374311196e-05
universite libre de bruxelles,2.9849620469506725e-05,0.25166184276236175,0.003627569528415961,0.008138995657343372
university of antwerp,0.002200541050912326,0.2580158876334313,0.007255139056831922,0.01503179925936883
universidade de passo fundo,0.0041955666942857725,0.16654191411230831,0.006045949214026602,3.774966646922758e-05
deakin university,0.0018081376798797775,0.2684609752464987,0.0024183796856106408,0.010207256005085742
jacobs university bremen,0.0,0.0012091898428053204,0.0012091898428053204,8.908325072181525e-18
vu university amsterdam,0.002173642777199525,0.25600262198043944,0.006045949214026602,0.00710832734552761
concordia university,0.0,0.24350249395405077,0.0012091898428053204,0.003352994848194757
university of illinois at chicago,1.4866008051070882e-05,0.2525795723348339,0.0024183796856106408,0.007715684980360593
illinois institute of technology,0.0,0.18503009335778273,0.0012091898428053204,0.00013170555667475935
beth israel deaconess medical center,0.0,0.2610411995487312,0.0024183796856106408,0.011857147696696395
brigham and women s hospital,0.0005577977830244353,0.3034889895435102,0.018137847642079805,0.07209297581007823
university of indonesia,0.0003040672687285339,0.2686924071217112,0.006045949214026602,0.01639052840773317
university of southampton,0.005425801073446452,0.31499059349286007,0.025392986698911726,0.08202656123362805
durham university,0.0003330990992563882,0.28206623734043895,0.008464328899637243,0.02780269040492653
university of minnesota,0.0031777535228783137,0.2979762832324905,0.015719467956469165,0.0392591616957122
sun yat sen university,0.0,0.22447475135843356,0.0012091898428053204,0.001159473413829484
university of trento,2.9278204426278945e-06,0.0024183796856106408,0.0024183796856106408,1.499620613515118e-16
food and agriculture organization,0.00030087915248111215,0.27352627666624396,0.006045949214026602,0.012160200672759606
university of milan,0.0,0.0024183796856106408,0.0024183796856106408,2.6006007484232784e-15
national yunlin university of science and technology,0.0,0.0012091898428053204,0.0012091898428053204,8.908325072181525e-18
erasmus university rotterdam,0.0020992472573642005,0.26006106988834793,0.003627569528415961,0.011033900885560726
delft university of technology,0.004132890223307373,0.261918648958979,0.008464328899637243,0.009873657955094107
texas a m university,0.00012495871230350846,0.24717144509213718,0.003627569528415961,0.004663767551487282
ministry of health and social welfare,0.0,0.27916094246411555,0.0048367593712212815,0.024338021483984954
the new school,0.0,0.2438835620197066,0.0012091898428053204,0.006096599378208175
center for global development,3.344108090908149e-05,0.2841232381596946,0.007255139056831922,0.029730235685992486
university of pennsylvania,0.0033556482888010344,0.3046756522592229,0.019347037484885126,0.06785378278615663
university of amsterdam,0.004809286518482722,0.29712411083049095,0.015719467956469165,0.022143076528434537
world health organization,0.11825352426029939,0.3864639705656355,0.1438935912938331,0.26909416795234453
united nations environment programme,0.0033605350925290083,0.2649240903197493,0.009673518742442563,0.010200519008828684
world bank group,3.359356713451179e-05,0.2847722176895249,0.007255139056831922,0.030573240430611732
united nations population fund,0.0010101741835867608,0.2912927030478365,0.008464328899637243,0.040714671483296064
yale university,0.006059460076007206,0.3148315073345303,0.021765417170495766,0.06672521497077727
university of virginia,0.0009299986606919123,0.2728080457428315,0.006045949214026602,0.021948271086731086
new york university,0.0008505960432753182,0.28660523426315865,0.010882708585247883,0.02578113208667346
higher university of san andres,0.0,0.001612253123740427,0.0012091898428053204,1.0603919050306407e-16
drexel university,0.0020992472573642005,0.22825572483426218,0.003627569528415961,0.004889394313374827
international monetary fund,0.0,0.24142772444708369,0.0012091898428053204,0.00452263416530131
aga khan university,0.008637298844899555,0.3234905991294084,0.037484885126964934,0.12063348472356566
german development institute,0.0,0.0012091898428053204,0.0012091898428053204,8.908325072181525e-18
imperial college london,0.03200986749962117,0.3515884853482064,0.058041112454655375,0.1398591859075427
medical research council,0.0030962078466302764,0.311683192261185,0.02418379685610641,0.08765483195489827
karolinska institutet,0.0045906249711664855,0.31028690120575914,0.022974607013301087,0.06813379397563335
university of california san diego,0.0020992472573642005,0.2511548688647744,0.003627569528415961,0.009408330605064586
university of glasgow,0.001561902013611054,0.2749741440328055,0.008464328899637243,0.018517739729906103
university of st andrews,1.3468707825672932e-05,0.22676114387863586,0.0024183796856106408,0.002288192050511553
university of dundee,3.603471314003563e-06,0.24096110727575185,0.0024183796856106408,0.004878514751009793
university college london,0.030755908900866654,0.34786070564864396,0.058041112454655375,0.14977942724349086
idaho national laboratory,0.0,0.19695620364055924,0.0012091898428053204,0.0002581512463894782
university of rostock,0.0,0.20471802447368473,0.0012091898428053204,0.00038300501705154096
university of the western cape,0.012231921523528783,0.3113718204407443,0.022974607013301087,0.07293365942775033
university of coimbra,0.0016116744103287265,0.19871418059367868,0.0048367593712212815,0.0003020478431862334
universidade aberta,0.0016116744103287265,0.19871418059367868,0.0048367593712212815,0.0003020478431862334
laval university,0.0,0.21362795905495888,0.0012091898428053204,0.00047782636498733077
zhejiang university,2.666847620957117e-05,0.23294707941792603,0.0024183796856106408,0.0022434079902759465
open university,0.0,0.22544896366089331,0.0012091898428053204,0.0021598823869805424
university of nottingham,0.0031608349498882986,0.27079339032248917,0.010882708585247883,0.012615671381795144
university of reading,0.006377410528163156,0.3095165762275919,0.018137847642079805,0.04737063829458226
king s college london,0.010075378012156192,0.3351432174851452,0.03385731559854897,0.11758486341904816
zoological society of london,0.0,0.2499464252294988,0.0048367593712212815,0.006045982183834481
instituto superior tecnico,0.00020383043108269347,0.20505473175077962,0.003627569528415961,0.00037010219609399974
tilburg university,0.0,0.24124086088327013,0.0024183796856106408,0.00411418521398296
united states agency for international development,0.00012489567006835475,0.28634193133779057,0.007255139056831922,0.039586002898439686
national institutes of health,0.007788018680521958,0.30512304675593244,0.020556227327690448,0.07329662971266682
eni,0.0,0.24012572593311635,0.0024183796856106408,0.002984030489170412
university of surrey,0.0003077503542768581,0.2795364953015112,0.0048367593712212815,0.016097365087896973
kathmandu,8.355462340222922e-05,0.28244965315920706,0.007255139056831922,0.031111239676664612
federal fluminense university,4.349904657618586e-06,0.23382084940824083,0.003627569528415961,0.0031257829385107653
council of scientific and industrial research,0.0,0.24397901546863796,0.0012091898428053204,0.005745317173180525
shahid beheshti university of medical sciences and health services,0.0,0.002902055622732769,0.0012091898428053204,2.1251357530469836e-15
tehran university of medical sciences,2.6350383983651052e-05,0.004353083434099153,0.003627569528415961,4.364100587546076e-15
hobart corporation,1.826228001089149e-05,0.26402642292349426,0.006045949214026602,0.010547707053965995
jimma university,0.0,0.17923127789602358,0.0012091898428053204,9.849897441435239e-05
universidad michoacana de san nicolas de hidalgo,0.0,0.21095309120892386,0.0012091898428053204,0.0007377315122987114
national autonomous university of mexico,0.002546390033041168,0.2785372584997185,0.009673518742442563,0.01956535881753494
tulane university,0.0,0.27570384100945156,0.0024183796856106408,0.019168722201200642
great lakes university,0.0020992472573642005,0.2216807910819239,0.0024183796856106408,0.002020637685361607
university of nairobi,0.011280266307579218,0.2972658009167239,0.019347037484885126,0.0535217843169163
ziauddin university,0.0,0.17887127245979054,0.0012091898428053204,9.791405935568567e-05
pakistan institute of medical sciences,0.0020992472573642005,0.22520461868582733,0.0024183796856106408,0.0025972751826282663
cardiff university,0.0,0.2216807910819239,0.0048367593712212815,0.0016830671148789955
university of malawi,0.004624340450981132,0.2954343054608389,0.010882708585247883,0.04217640534427321
university of namibia,4.391730663941842e-06,0.2251232880181907,0.0024183796856106408,0.0026060612704308463
university of lagos,0.0,0.24845212615479076,0.0012091898428053204,0.00564689154080186
all india institute of medical sciences,1.1394706441340763e-06,0.23838102658599236,0.0024183796856106408,0.006827163118658236
north carolina state university,0.0,0.2464873011160024,0.0024183796856106408,0.007498150700631039
university of north carolina at chapel hill,0.0059672804961729215,0.3090562144384581,0.03022974607013301,0.08735164613370407
centers for disease control and prevention,0.0006810297584078383,0.2962767987273622,0.016928657799274487,0.06034685665219802
university of exeter,0.004026485888554469,0.2927977381504791,0.014510278113663844,0.03179752557070538
university of limpopo,0.0,0.24924685506692124,0.0012091898428053204,0.005251549773659862
save the children,0.004361792223206031,0.320496855795563,0.037484885126964934,0.11947059311116061
university of lethbridge,0.0016738406901306937,0.24293311945532736,0.0048367593712212815,0.004108362867445489
university of papua new guinea,0.0,0.2473676129057024,0.0012091898428053204,0.005023923529256553
royal children s hospital,0.0014292053325546822,0.2918381950011095,0.009673518742442563,0.03906614101680815
university of brighton,0.0,0.0012091898428053204,0.0012091898428053204,8.908325072181525e-18
university of south australia,0.00014620029992541995,0.20252319185262183,0.003627569528415961,0.0004098180385410298
humboldt university of berlin,0.000371768860163501,0.23892923898902646,0.0048367593712212815,0.0036757015113597627
leibniz association,7.326630494523066e-05,0.21138229383600204,0.003627569528415961,0.0009277714252526435
university of zambia,1.5893098056890022e-05,0.2927977381504791,0.006045949214026602,0.03495005887721208
george washington university,9.157882988709784e-05,0.2715010385550392,0.003627569528415961,0.0149225394721412
st george s hospital,0.0,0.24189615231756698,0.0012091898428053204,0.004433200254380848
university of wollongong,1.4529023115603904e-05,0.2618086453264889,0.003627569528415961,0.01211088024898917
nyenrode business university,0.0,0.22842300642080252,0.0012091898428053204,0.001611742832296374
economic policy institute,0.0,0.2621389337772792,0.0024183796856106408,0.013546318799036908
ben gurion university of the negev,0.0,0.001612253123740427,0.0012091898428053204,1.0603919050306407e-16
university of haifa,2.9278204426278945e-06,0.0024183796856106408,0.0024183796856106408,1.499620613515118e-16
vancouver island university,0.0,0.21362795905495888,0.0012091898428053204,0.00047782636498733077
ifakara health institute,0.002135358333509209,0.2918381950011095,0.007255139056831922,0.03138609600095574
beijing institute of technology,0.0,0.20716729296190428,0.0012091898428053204,0.00039919269828799246
pacific northwest national laboratory,0.0,0.19695620364055924,0.0012091898428053204,0.0002581512463894782
university of michigan,0.009222165275011728,0.31467258178817265,0.019347037484885126,0.062253673253540406
university of tasmania,0.0,0.2628020170836299,0.0048367593712212815,0.009034339800053576
international union for conservation of nature and natural resources,0.00035129505282802744,0.2635798666056533,0.008464328899637243,0.011247451447062464
university of western sydney,0.0,0.24133425649336815,0.0024183796856106408,0.004907513024968869
international centre for diarrhoeal disease research bangladesh,0.0052766017972172355,0.30363681662073555,0.018137847642079805,0.06879577031729571
university of cambridge,0.009395135040038052,0.3043781174425635,0.02418379685610641,0.057288344896125255
national research council,0.008376494286358406,0.2251232880181907,0.006045949214026602,0.00116624169355082
pompeu fabra university,0.0,0.21510227209191513,0.0012091898428053204,0.0010423130736945585
university of barcelona,0.0066372122575900595,0.2858167741964099,0.009673518742442563,0.027646737591351635
vanderbilt university,0.0002526641710331275,0.2927977381504791,0.009673518742442563,0.039797072587702445
american university,0.0003654032994128391,0.24766244915469607,0.003627569528415961,0.0071554846432164
university of california san francisco,0.005264356158391034,0.3178818890986079,0.03264812575574365,0.10661028827019038
american museum of natural history,0.0,0.20579940063465502,0.0012091898428053204,0.000540032138029908
university of kassel,2.026124229916888e-05,0.23303416243826916,0.003627569528415961,0.002795836959211616
stockholm environment institute,0.003953298562531649,0.30143442191603964,0.014510278113663844,0.03209140348438958
royal institute of technology,0.0026523557342659682,0.2802906405226484,0.009673518742442563,0.01774304476011456
blekinge institute of technology,0.0,0.22934745567416115,0.0012091898428053204,0.002071004358614809
university of guelph,0.0005119723810846946,0.2356772720311418,0.003627569528415961,0.0019148912371700477
university of minho,0.0025381514901321863,0.19820870732030843,0.0048367593712212815,0.00021373376569151816
university of johannesburg,4.489324678696105e-06,0.2125354192029901,0.0024183796856106408,0.0015362931581357484
universiti teknologi malaysia,0.0,0.20586736609061096,0.0012091898428053204,0.0007196407463691091
university of warwick,0.00019386018666038048,0.2910207210655322,0.006045949214026602,0.02351615681285157
university of rome tor vergata,0.004192638873843145,0.2350551977836991,0.006045949214026602,0.0034112131972762645
university of salzburg,0.0,0.0012091898428053204,0.0012091898428053204,8.908325072181525e-18
research studios austria,0.0,0.0012091898428053204,0.0012091898428053204,8.908325072181525e-18
boston university,0.0020992472573642005,0.2912927030478365,0.0048367593712212815,0.026591226934644573
university of georgia,7.126067357787756e-05,0.23434826485803384,0.0024183796856106408,0.0027947693050343362
university of florida,0.02024347663920883,0.3206617204333179,0.041112454655380895,0.07541030997853707
maastricht university,0.0041955666942857725,0.23139064013451002,0.003627569528415961,0.002353732920498258
university of khartoum,0.0,0.0012091898428053204,0.0012091898428053204,8.908325072181525e-18
tshwane university of technology,0.00282907845207812,0.26892423836167817,0.006045949214026602,0.015766975109003222
university of los andes,0.0,0.22750597975268977,0.0012091898428053204,0.0028569030218848898
liverpool school of tropical medicine,0.0016535568858231065,0.3040811631816439,0.018137847642079805,0.061934665376851585
university of aberdeen,0.0015564963584018979,0.2918381950011095,0.008464328899637243,0.029826458250818567
radboud university nijmegen,0.0,0.18275179845276165,0.0012091898428053204,8.873975320989001e-05
fhi 360,2.5842189356397114e-06,0.24407454366576742,0.0024183796856106408,0.007144763411132703
federal ministry of health,0.005145376412431072,0.2775451400366741,0.007255139056831922,0.021370975332481543
joint united nations programme on hiv aids,0.002253237579106182,0.283735268330619,0.009673518742442563,0.03119867292356445
plymouth state university,0.00013193447723016608,0.23994087164063513,0.0024183796856106408,0.004254543003226895
university health network,0.0,0.24133425649336815,0.0012091898428053204,0.005227895966119841
institut de recherche pour le developpement,0.002123420753201786,0.2678841360216459,0.0048367593712212815,0.011370928728986545
norwegian university of life sciences,0.00021244527386310398,0.21282566900729602,0.003627569528415961,0.0010541365140047205
gembloux agro bio tech,0.0,0.1771934009443917,0.0012091898428053204,7.893341890206685e-05
united states department of agriculture,0.0031629523330642317,0.27878639737136407,0.015719467956469165,0.02514471427972362
london school of economics and political science,0.0007921199865525068,0.27424829939391554,0.009673518742442563,0.01849037457239805
macquarie university,0.0,0.1916870801114299,0.0012091898428053204,0.00014812072918143397
edith cowan university,0.0020992472573642005,0.24590389921986985,0.0024183796856106408,0.0039283168268507895
georgetown university,0.00016748341964522673,0.2711467527283036,0.006045949214026602,0.016965025977753373
wake forest university,0.0,0.24845212615479076,0.0012091898428053204,0.00564689154080186
bill melinda gates foundation,0.0009106334301149303,0.31044142655496515,0.019347037484885126,0.09070493512372978
university of massachusetts boston,0.0,0.0012091898428053204,0.0012091898428053204,8.908325072181525e-18
san francisco state university,0.0,0.0012091898428053204,0.0012091898428053204,8.908325072181525e-18
john snow inc,1.098089539890492e-05,0.26436233440304074,0.003627569528415961,0.016728149943220142
population council,0.0,0.0012091898428053204,0.0012091898428053204,8.908325072181525e-18
ryerson university,0.0,0.23113325343803115,0.0012091898428053204,0.0025156646198243684
flinders university,0.0001890919079403468,0.25898063337032406,0.006045949214026602,0.008472823023717135
australian museum,0.00020455656382291454,0.25206889790633646,0.0048367593712212815,0.007143424035242076
beijing normal university,0.009251312175513669,0.25558277348190656,0.010882708585247883,0.005231915118310891
university of rhode island,0.0,0.27941119879980725,0.013301088270858524,0.030638183408394453
duke university,0.018175844304906544,0.33317284047160345,0.04715840386940749,0.1115311881296135
de la salle university,0.0,0.14945250168361784,0.0012091898428053204,2.349545426324422e-06
national and kapodistrian university of athens,0.0,0.26685204816882274,0.0012091898428053204,0.01073466611220216
michigan state university,0.0035803827693789854,0.28739805648795297,0.013301088270858524,0.028746845047074282
university of delhi,0.0,0.2259392477427945,0.0012091898428053204,0.0020080227554239607
university of basel,0.0041955666942857725,0.26962213863424306,0.006045949214026602,0.014324724927281717
swiss tropical and public health institute,0.0024000184486714874,0.2922486565974543,0.009673518742442563,0.04165316798624256
university of washington,0.04367196084373845,0.3543868018887834,0.07496977025392987,0.17886830445193702
baylor college of medicine,0.00014883565658879234,0.25600262198043944,0.003627569528415961,0.009534748453948238
universiti tunku abdul rahman,0.0020992472573642005,0.16548085599213433,0.0024183796856106408,1.9640910728817476e-05
world institute for development economics research,0.0,0.19584240795550426,0.0012091898428053204,0.00018460787611516218
universidade federal do rio grande do sul,0.0,0.0012091898428053204,0.0012091898428053204,8.908325072181525e-18
university of chicago,0.0,0.26719519267997,0.0024183796856106408,0.013228668156904468
birdlife international,5.021317287473818e-05,0.2524772719815188,0.0048367593712212815,0.0065943984038455234
conservation international,0.010061715778531604,0.303193766791036,0.03264812575574365,0.0529856697102253
universite de montreal,0.0,0.21622143063557753,0.0012091898428053204,0.0012152847414048599
university of malaya,0.012560150683627896,0.20424848772030474,0.007255139056831922,0.0005202367347548404
mcmaster university,0.0,0.26469910170801275,0.0024183796856106408,0.01436708296912738
max planck society,0.020836049779512603,0.3039329032288493,0.025392986698911726,0.043887263040292
university of st gallen,0.0,0.0012091898428053204,0.0012091898428053204,8.908325072181525e-18
mbarara university of science and technology,0.0,0.23121898535696217,0.0012091898428053204,0.00309246741920417
university of toulouse,0.0,0.20586736609061096,0.0012091898428053204,0.00041165745913933317
katholieke universiteit leuven,0.0,0.2224719430843576,0.0048367593712212815,0.002090937785737705
khalifa university,0.0,0.0024183796856106408,0.0024183796856106408,2.6006007484232784e-15
umea centre for global health research,0.0,0.24397901546863796,0.0012091898428053204,0.005745317173180525
pan american health organization,0.00021239660807547022,0.2804167271805533,0.0048367593712212815,0.027299977900927256
international livestock research institute,0.0007263885328036195,0.2867370673975943,0.008464328899637243,0.023026638102348975
wellcome trust,0.00042211355876592855,0.2937636119332564,0.008464328899637243,0.04021376314872802
university of ottawa,0.0021038726221846746,0.27185625142711295,0.0048367593712212815,0.015251034341465703
university of the philippines manila,0.0,0.26753922082505155,0.0012091898428053204,0.010145037567465043
university of nottingham malaysia campus,0.0020992472573642005,0.18047666025546324,0.0024183796856106408,6.230705635282812e-05
uganda christian university,0.0,0.22901042781865172,0.0012091898428053204,0.003214839476320984
islamic azad university,1.4639102213139472e-05,0.0036275695284159614,0.0024183796856106408,3.010380439417553e-15
lund university,0.005798235390991935,0.3115274285469115,0.013301088270858524,0.05493190797798586
world wide fund for nature,5.3608673269833506e-05,0.2607136698127855,0.007255139056831922,0.011862068784553188
rockefeller foundation,0.0,0.2750954918457061,0.003627569528415961,0.02102648284434133
university of chile,0.0,0.23487806500466088,0.0048367593712212815,0.0034065347168490785
indian ministry of environment and forests,0.0,0.22152323543794242,0.0012091898428053204,0.002017766191087953
queen mary university of london,0.0001696872263034319,0.300852502182611,0.009673518742442563,0.048292401303743626
university of gottingen,0.0017997325824133375,0.2684609752464987,0.0048367593712212815,0.009805376707372087
university of bath,0.0,0.26753922082505155,0.0012091898428053204,0.010145037567465043
rothamsted research,0.0006693022227004669,0.27340630900103946,0.008464328899637243,0.014576944369001933
north china electric power university,0.0,0.18691645712814692,0.0012091898428053204,0.00011600211567280309
ministry of health and social services,0.0,0.26753922082505155,0.0012091898428053204,0.010145037567465043
charles darwin university,0.0,0.0012091898428053204,0.0012091898428053204,8.908325072181525e-18
university of science and technology beijing,0.0,0.21362795905495888,0.0012091898428053204,0.00047782636498733077
university of california los angeles,0.0020992472573642005,0.2754601787549138,0.0048367593712212815,0.016932216765359605
university of south florida,0.0027508016794701275,0.26973880766870184,0.014510278113663844,0.019087379698899256
university of granada,2.9278204426278945e-06,0.0024183796856106408,0.0024183796856106408,1.499620613515118e-16
university of la rioja,0.0,0.001612253123740427,0.0012091898428053204,1.0603919050306407e-16
mahidol university,2.1983790525675925e-05,0.2856857857572731,0.006045949214026602,0.03160130270824905
university of cincinnati,0.0,0.19305245726923814,0.0012091898428053204,0.00019365730947625972
ministry of health and family welfare,0.0,0.28016466720106514,0.0048367593712212815,0.029251352983368572
queen s university,0.0,0.2004393519364534,0.0012091898428053204,0.0002797418195075824
jhpiego,0.0,0.25695234316668175,0.0012091898428053204,0.009023684633735598
kwame nkrumah university of science and technology,3.56201024074747e-05,0.25391706090524235,0.003627569528415961,0.008462904862580571
washington state university,0.002122127515269848,0.2850326403851715,0.018137847642079805,0.032579505778931116
university of oklahoma,0.0,0.0012091898428053204,0.0012091898428053204,8.908325072181525e-18
georgetown university law center,0.0,0.24590389921986985,0.003627569528415961,0.00944894177564968
mid sweden university,0.0,0.2301094073541418,0.0012091898428053204,0.0020217444592100435
sodertorn university,0.0,0.2119572881748963,0.0012091898428053204,0.0006690227334351584
leiden university,0.0,0.19776852300836611,0.0012091898428053204,0.00026806440679770147
university of adelaide,0.0010032847923011014,0.23801694712576174,0.0048367593712212815,0.006176885526241971
institute of tropical medicine antwerp,0.0035378056841191027,0.3028991178437172,0.018137847642079805,0.058442706422982195
norwegian institute of public health,5.571341974630491e-05,0.2685766413280353,0.003627569528415961,0.016126697657576558
university of pamplona,0.0,0.0012091898428053204,0.0012091898428053204,8.908325072181525e-18
escuela colombiana de ingenieria,0.0,0.0012091898428053204,0.0012091898428053204,8.908325072181525e-18
eduardo mondlane university,0.0,0.2609319315706865,0.0012091898428053204,0.00913918700300754
overseas development institute,0.00020514455605152098,0.2692727362947603,0.0024183796856106408,0.010918888741695788
uppsala university,0.00010583971840787408,0.24152126482850447,0.006045949214026602,0.007835109824015604
la trobe university,0.00026016794686860105,0.29613604965433254,0.009673518742442563,0.029200172660233784
free university of brussels,0.0,0.2224719430843576,0.0048367593712212815,0.002090937785737705
umea university,0.0011633443661608152,0.29840420513277643,0.013301088270858524,0.05139798549380698
san diego state university,0.0020992472573642005,0.2795364953015112,0.014510278113663844,0.030680222836905618
mediterranea university of reggio calabria,0.0,0.21152574975309466,0.0012091898428053204,0.0011568374438428743
university of edinburgh,0.004845102893645657,0.3140384808676927,0.029020556227327687,0.09864287763708394
peking university,0.012613798197107319,0.30875006662821697,0.02418379685610641,0.0758373797905324
sao paulo state university,0.0,0.22725715804679916,0.0012091898428053204,0.0018059982043723778
university of alicante,0.0,0.0012091898428053204,0.0012091898428053204,8.908325072181525e-18
universidad autonoma de yucatan,0.0,0.0012091898428053204,0.0012091898428053204,8.908325072181525e-18
public health foundation of india,0.0028402274164213855,0.2986901698717633,0.016928657799274487,0.06162068805167392
icahn school of medicine at mount sinai,0.000560921519679676,0.27680567696375225,0.0048367593712212815,0.02172579436463856
murdoch university,1.7542384490053683e-05,0.22561215509314878,0.0024183796856106408,0.002003098158009831
national oceanic and atmospheric administration,0.006819066982396217,0.2919748873641077,0.02418379685610641,0.03943154868352282
centre for the aids programme of research in south africa,0.0,0.27804031423834524,0.007255139056831922,0.02760838582560448
university of kwazulu natal,0.00044385763623402567,0.28464218471341096,0.014510278113663844,0.04068000092617375
obafemi awolowo university,0.0,0.1893579539861391,0.0012091898428053204,0.00016738354940435272
empresa brasileira de pesquisa agropecuaria,0.0020992472573642005,0.2164466612924896,0.0024183796856106408,0.0009975280166588745
federal university of para,0.0,0.1733017471566222,0.0012091898428053204,3.7610112547069504e-05
university of split,0.0021095767540731105,0.27256947290003064,0.007255139056831922,0.02516529831869634
university of zagreb,0.0,0.207512112024757,0.0012091898428053204,0.0009487190676923842
royal tropical institute,1.415671073642811e-05,0.22758904144664843,0.003627569528415961,0.004029397722849616
kenya medical research institute,0.0022607311177816392,0.27473176929148085,0.008464328899637243,0.022507495456597505
chinese center for disease control and prevention,5.2085486902533077e-05,0.283735268330619,0.006045949214026602,0.02495197492672865
supagro,0.0,0.1935920448827236,0.0012091898428053204,0.00020493868556259857
china university of geosciences,0.0020992472573642005,0.22800526134688004,0.0024183796856106408,0.002863130587779704
great zimbabwe university,0.0,0.1914515922980252,0.0012091898428053204,0.00026794131687463596
university of health and allied sciences,0.0,0.2125354192029901,0.0024183796856106408,0.0013087865212045803
national university of malaysia,0.0020992472573642005,0.16548085599213433,0.0024183796856106408,1.9640910728817476e-05
kassala university,0.0,0.0012091898428053204,0.0012091898428053204,8.908325072181525e-18
bournemouth university,0.0,0.001612253123740427,0.0012091898428053204,1.0603919050306407e-16
university of otago,0.0013967237582079679,0.2795364953015112,0.006045949214026602,0.024984179649536125
depaul university,0.0,0.24571004514086323,0.0012091898428053204,0.003922731239354325
universiti sains malaysia,0.0,0.16539304444743166,0.0012091898428053204,1.961299791598469e-05
university of aveiro,0.003383752949112848,0.20559577325935688,0.007255139056831922,0.0003943007090092168
college of health sciences bahrain,0.00802451995489992,0.2877961147379363,0.014510278113663844,0.03532621215573755
university of liverpool,7.392500495359341e-06,0.2881952771716921,0.006045949214026602,0.04137749562079603
jilin university,0.0,0.22447475135843356,0.0012091898428053204,0.001159473413829484
hanoi school of public health,0.0,0.19745530076730122,0.003627569528415961,0.00035100002689953085
john radcliffe hospital,0.0,0.24884885609675453,0.0024183796856106408,0.006372482156228283
university of maryland baltimore,0.0004338834545633391,0.28529353982717165,0.012091898428053204,0.04750300413487856
university of calgary,0.0020992472573642005,0.18844207512768138,0.0024183796856106408,0.00014356565231086067
fudan university,3.230783010423909e-06,0.23847222055178655,0.0048367593712212815,0.007660819745960623
helmholtz centre for environmental research ufz,0.001663388700566317,0.2770517264543867,0.012091898428053204,0.015164566118152527
university of western australia,9.818726506977475e-06,0.2547471943287168,0.0024183796856106408,0.009533094726011843
clark university,0.0,0.22152323543794242,0.0012091898428053204,0.0013762206731042928
university of szczecin,0.0,0.0012091898428053204,0.0012091898428053204,8.908325072181525e-18
partners in health,5.411601623725741e-05,0.2855549173258681,0.007255139056831922,0.02820367365393796
trinity college,0.0020992472573642005,0.2716193396611634,0.003627569528415961,0.012651702116860675
ludwig maximilian university of munich,0.0,0.22585738569651087,0.0048367593712212815,0.0020981282593649795
global forum for health research,0.0,0.25695234316668175,0.0012091898428053204,0.009023684633735598
guttmacher institute,0.0,0.26753922082505155,0.0012091898428053204,0.010145037567465043
royal veterinary college,0.0,0.2790359823287243,0.003627569528415961,0.02165445840217202
bayero university kano,0.0,0.0012091898428053204,0.0012091898428053204,8.908325072181525e-18
world heart federation,0.0,0.22618519032016332,0.0024183796856106408,0.003142167536505864
state university of campinas,0.0,0.2893994357114067,0.003627569528415961,0.024802434919021524
universite catholique de louvain,0.0015514445086826296,0.2326862204264166,0.007255139056831922,0.004229918090940158
university of houston,0.0,0.22152323543794242,0.0012091898428053204,0.0013762206731042928
finnish environment institute,0.0020992472573642005,0.19461953934510462,0.0024183796856106408,0.00028386808882098746
rand corporation,6.963667944293064e-05,0.2657145714076598,0.0048367593712212815,0.014949055707063136
university of bordeaux,0.0,0.20265487143119962,0.0012091898428053204,0.00027320955265192434
autonomous university of barcelona,0.00040058235030533126,0.21577237262802698,0.0024183796856106408,0.001057879278247816
university of turin,0.0,0.17881996113665233,0.0012091898428053204,4.3985176370200576e-05
universidade federal de santa maria,0.0,0.0012091898428053204,0.0012091898428053204,8.908325072181525e-18
morgan state university,0.0,0.17525060009062976,0.0012091898428053204,4.810699585260357e-05
universidade federal de pelotas,7.675303470313132e-06,0.2807956687037703,0.007255139056831922,0.037848804926037365
netherlands environmental assessment agency,0.007458727236642718,0.29613604965433254,0.015719467956469165,0.0296113185917421
potsdam institute for climate impact research,0.006805755732465545,0.2954343054608389,0.025392986698911726,0.03599079528271791
graduate institute of international and development studies,0.0,0.26685204816882274,0.0012091898428053204,0.01073466611220216
university of waterloo,0.007116361078249147,0.26049577288857917,0.010882708585247883,0.007419673215227302
international institute for environment and development,0.0022024615614538645,0.24609805942454402,0.003627569528415961,0.004558198614182747
paris descartes university,0.0,0.26753922082505155,0.0012091898428053204,0.010145037567465043
democritus university of thrace,0.0,0.17933440291207423,0.0012091898428053204,7.921662009701389e-05
international vaccine institute,0.0,0.23576640866958018,0.0012091898428053204,0.004547918405657652
unesco ihe institute for water education,8.188065680217915e-05,0.24086800020184312,0.003627569528415961,0.0032671831251789712
james hutton institute,0.0,0.22825572483426218,0.0012091898428053204,0.0017860473318056231
st george s university of london,0.0,0.20648108132572707,0.0012091898428053204,0.0004756760038329811
maastricht graduate school of governance,0.0,0.20018188327629094,0.0012091898428053204,0.00041598890834763767
bayer,0.0,0.22875830624674132,0.0012091898428053204,0.002059930207952085
medecins sans frontieres,0.0,0.26708071316296916,0.0024183796856106408,0.011873211139599412
international union against tuberculosis and lung disease,0.0012313620914796465,0.28660523426315865,0.008464328899637243,0.030200125433099693
university of southern mississippi,0.0,0.0012091898428053204,0.0012091898428053204,8.908325072181525e-18
dartmouth college,0.0,0.2698555777153117,0.0024183796856106408,0.018162871636743138
bangor university,6.148422929518579e-06,0.23320852395150393,0.0024183796856106408,0.00335868661331057
university of the west of england,0.0,0.2683454087483298,0.0024183796856106408,0.011606651909351373
university of alcala,0.0001999590288068534,0.25453915252036347,0.009673518742442563,0.007495942188150826
washington university in st louis,0.0,0.22544896366089331,0.0012091898428053204,0.0021598823869805424
inter american development bank,0.0,0.20918335051086243,0.0012091898428053204,0.0006383526680636294
tokyo institute of technology,0.0,0.24274391920653038,0.0012091898428053204,0.003421424119822572
university of sheffield,1.2218718649090685e-05,0.25186520586762423,0.0024183796856106408,0.007654914296225821
carnegie mellon university,0.0,0.23938801248938943,0.0012091898428053204,0.0041670628777305515
tata institute of social sciences,0.0,0.0024183796856106408,0.0024183796856106408,2.6006007484232784e-15
international institute for population sciences,0.0,0.0024183796856106408,0.0024183796856106408,2.6006007484232784e-15
indian institute of technology roorkee,0.0,0.0024183796856106408,0.0024183796856106408,2.6006007484232784e-15
cayetano heredia university,0.0020992472573642005,0.2895338525417418,0.006045949214026602,0.03522635457075084
kyushu university,0.0,0.2105967515278277,0.0012091898428053204,0.0007032054297164552
world vision international,0.0,0.21849505240882233,0.0012091898428053204,0.0011832678788245513
university of essex,0.0,0.26753922082505155,0.0012091898428053204,0.010145037567465043
national institute for medical research,1.6122517196352463e-05,0.2811756357791475,0.003627569528415961,0.02211076552924576
research triangle park,0.0,0.2612600102776069,0.0012091898428053204,0.007269206089803694
versailles saint quentin en yvelines university,0.0,0.20478527743836072,0.0012091898428053204,0.0004287550524262166
heriot watt university,0.0,0.13902015711917262,0.0012091898428053204,7.404617147840365e-07
university of bradford,0.0,0.0012091898428053204,0.0012091898428053204,8.908325072181525e-18
coventry university,0.0,0.0012091898428053204,0.0012091898428053204,8.908325072181525e-18
st michael s hospital,0.0,0.24133425649336815,0.0012091898428053204,0.005227895966119841
charles university in prague,0.0,0.0012091898428053204,0.0012091898428053204,8.908325072181525e-18
linkoping university,0.0,0.17897398349766583,0.0012091898428053204,6.247658125773752e-05
rice university,0.0,0.22618519032016332,0.0024183796856106408,0.003036091952815378
dalhousie university,0.004192638873843145,0.24040354204487854,0.0024183796856106408,0.00380219532712189
joint global change research institute,6.653362717009835e-05,0.2337331775486952,0.0048367593712212815,0.0042220831860407095
university of valencia,0.006288958310764718,0.22926310574563075,0.0048367593712212815,0.002068762365250736
university of newcastle,0.0,0.1814221142381752,0.0012091898428053204,7.80267701245807e-05
unesco,0.0,0.1952902207150282,0.0012091898428053204,0.00024845931010425377
university of pittsburgh,1.2969313820179977e-05,0.25769590100139317,0.0048367593712212815,0.014714527444912313
university of the philippines,0.0,0.2797874257281732,0.007255139056831922,0.034064170680569814
university of porto,0.0,0.20121574710212073,0.0024183796856106408,0.00028566361437103047
punjabi university,0.0,0.0012091898428053204,0.0012091898428053204,8.908325072181525e-18
heidelberg university,0.0033703337731410417,0.28451227043467364,0.007255139056831922,0.029522315802720887
norwegian institute for air research,0.0,0.22585738569651087,0.0048367593712212815,0.0020981282593649795
oswaldo cruz foundation,0.0003253491555972033,0.25537336522833676,0.007255139056831922,0.008585311176763642
american public health association,0.0,0.21622143063557753,0.0012091898428053204,0.0013317744631742847
american university of beirut,0.0,0.25695234316668175,0.0012091898428053204,0.009023684633735598
martin luther university of halle wittenberg,5.7798781777279995e-05,0.25600262198043944,0.010882708585247883,0.009133010933835386
jomo kenyatta university of agriculture and technology,0.0,0.20876302227808774,0.0012091898428053204,0.0008485666204206664
university of western ontario,7.584078415879904e-05,0.24180232138183477,0.0024183796856106408,0.004076523659441826
national institute on drug abuse,0.0,0.22585738569651087,0.0012091898428053204,0.0027632698862628253
university of osnabruck,0.004192638873843145,0.17544789882419645,0.003627569528415961,4.8249590218263144e-05
york university,0.0,0.14602164078762475,0.0024183796856106408,1.890624636280256e-06
oko institut,0.0,0.14602164078762475,0.0024183796856106408,1.890624636280256e-06
food and environment research agency,0.0,0.23666149754076313,0.0012091898428053204,0.002420337635741928
kansas state university,0.0,0.20037492270085824,0.0024183796856106408,0.0003200878873965168
sheffield hallam university,0.0,0.26915647000102333,0.0024183796856106408,0.012153060322889004
national university of rwanda,0.0007331029909912342,0.2755819560222679,0.007255139056831922,0.02694902856736407
international institute for sustainable development,0.0,0.0012091898428053204,0.0012091898428053204,8.908325072181525e-18
south china agricultural university,0.0,0.22447475135843356,0.0012091898428053204,0.001159473413829484
university of the free state,0.0021099386531074965,0.26425026897938536,0.006045949214026602,0.014150433759357605
national center for atmospheric research,2.1211698337571374e-05,0.2558975305921059,0.0048367593712212815,0.008941731490034818
technion israel institute of technology,0.0,0.001612253123740427,0.0012091898428053204,1.0603919050306407e-16
environmental defense fund,0.0,0.21166940051693378,0.0012091898428053204,0.0005080541522358037
indian institute of technology guwahati,0.0,0.1628438831040674,0.0024183796856106408,1.4580402778916615e-05
walchand institute of technology,0.0,0.1628438831040674,0.0024183796856106408,1.4580402778916615e-05
manhattan college,0.0,0.0012091898428053204,0.0012091898428053204,8.908325072181525e-18
university of connecticut,0.0004812496191940539,0.29211170783616214,0.013301088270858524,0.04233283601813094
university of the algarve,0.0,0.19770579908733588,0.0012091898428053204,0.0002743697502702184
university of science and technology sana a,0.0,0.0012091898428053204,0.0012091898428053204,8.908325072181525e-18
stockholm international water institute,0.0,0.16391437931169342,0.0012091898428053204,1.556620455325752e-05
university of vermont,0.00014538270228631436,0.23514386439923424,0.003627569528415961,0.003196708797569278
federal university of sao carlos,0.0,0.22725715804679916,0.0012091898428053204,0.0018059982043723778
university of york,0.00014964309893452065,0.2957146036633634,0.006045949214026602,0.035024923779087155
university of geneva,0.0,0.2785372584997185,0.0024183796856106408,0.020879703679667204
college of the north atlantic,0.0,0.17881996113665233,0.0012091898428053204,4.3985176370200576e-05
uganda virus research institute,0.0,0.22943186769318,0.0012091898428053204,0.0033045946222648604
university of gloucestershire,0.0,0.22651394786423332,0.0012091898428053204,0.0015704283499392146
university of cordoba,0.0,0.20586736609061096,0.0012091898428053204,0.00041165745913933317
brac university,3.327936370133676e-05,0.28899693301917945,0.008464328899637243,0.041977705591378374
newcastle university,1.0446640750358604e-05,0.25237505446249797,0.0024183796856106408,0.0061391499362093
charles sturt university,0.0,0.2171251774720899,0.0012091898428053204,0.000940318277282081
bangladesh centre for advanced studies,0.0,0.19180504139149845,0.0012091898428053204,0.00017185623597332442
ithaca college,0.0,0.25695234316668175,0.0012091898428053204,0.009023684633735598
masaryk university,0.0,0.19198225578145056,0.0012091898428053204,0.0001367711885286253
north west university,0.0003520147307727936,0.2491472360201319,0.006045949214026602,0.009131956481602218
denver federal center,0.0,0.20024618841065533,0.0012091898428053204,0.00037127240752091384
manchester metropolitan university,0.0,0.1397682476507556,0.0012091898428053204,1.423348654060749e-06
michigan technological university,0.0,0.19695620364055924,0.0012091898428053204,0.0002581512463894782
united nations office on drugs and crime,0.004192638873843145,0.2616987340564106,0.003627569528415961,0.007290749114186432
world food programme,1.0683325281492198e-05,0.27791635511474366,0.003627569528415961,0.017950980748793758
aberystwyth university,0.0,0.2190324611814371,0.0012091898428053204,0.0011988042263300276
international center for tropical agriculture,0.0005173477091666878,0.28753062016714487,0.015719467956469165,0.03156958346632343
ansaldo sts,0.0,0.0012091898428053204,0.0012091898428053204,8.908325072181525e-18
enea,0.0,0.0012091898428053204,0.0012091898428053204,8.908325072181525e-18
simon fraser university,6.546991424535385e-05,0.22717433838278792,0.0024183796856106408,0.0019385589759221475
kaduna state university,0.0,0.20121574710212073,0.0024183796856106408,0.00028566361437103047
swiss federal institute of aquatic science and technology,0.0,0.20579940063465502,0.0012091898428053204,0.000540032138029908
graz university of technology,0.0,0.24012572593311635,0.0024183796856106408,0.00364393894281068
university of manitoba,0.0,0.26753922082505155,0.0012091898428053204,0.010145037567465043
university of kiel,0.0,0.2150280733088548,0.0024183796856106408,0.0011837397670768715
kiel institute for the world economy,5.7066068500876594e-05,0.2183419910761366,0.0048367593712212815,0.0018764098258468452
northwest university,0.0,0.24964612916394474,0.0012091898428053204,0.005145892541142239
university of belgrade,2.9278204426278945e-06,0.0024183796856106408,0.0024183796856106408,1.499620613515118e-16
the chinese university of hong kong,5.8890514630963265e-05,0.2785372584997185,0.0048367593712212815,0.024759737898547986
university of hong kong,6.375486019946495e-05,0.24678004137861048,0.003627569528415961,0.00753460883554301
university of regina,0.005152456573545228,0.2381078626899809,0.006045949214026602,0.0030769273024270852
children s hospital at westmead,0.0,0.2233487583383626,0.0024183796856106408,0.0026113487153181535
assiut university,0.0,0.23277310848482824,0.0012091898428053204,0.004019257110397813
university of bristol,0.0016119227784631566,0.28726561498726727,0.010882708585247883,0.03877016693701114
seattle children s,0.0,0.2517634832481301,0.0012091898428053204,0.0067436700591157125
university of dar es salaam,0.0,0.21872504720083158,0.0012091898428053204,0.0015703144815516997
keio university,0.0,0.2417085632114657,0.0024183796856106408,0.003633487291506417
vilnius gediminas technical university,0.0,0.0012091898428053204,0.0012091898428053204,8.908325072181525e-18
pedagogical university,0.0,0.0012091898428053204,0.0012091898428053204,8.908325072181525e-18
hanyang university,0.0,0.17887127245979054,0.0024183796856106408,4.570980461404411e-05
medical college of wisconsin,0.0,0.24086800020184312,0.0012091898428053204,0.004204983523168871
council for scientific and industrial research,6.847789670941515e-05,0.25876562246673723,0.006045949214026602,0.010543395568734314
new york blood center,0.0,0.2526819556231739,0.0048367593712212815,0.008145131681358784
karolinska university hospital,0.0,0.2464873011160024,0.0024183796856106408,0.006365438343904303
national chin yi university of technology,0.0,0.0012091898428053204,0.0012091898428053204,8.908325072181525e-18
chaoyang university of technology,0.0,0.0012091898428053204,0.0012091898428053204,8.908325072181525e-18
dalle molle institute for artificial intelligence research,0.0,0.22875830624674132,0.0012091898428053204,0.002059930207952085
burnet institute,0.0,0.27866177224960664,0.003627569528415961,0.018956738649552916
university of saskatchewan,0.0,0.24003326319690796,0.0012091898428053204,0.003796781839934244
mcgill university health centre,0.0,0.21622143063557753,0.0012091898428053204,0.0012152847414048599
university of buenos aires,0.0,0.19871418059367868,0.0012091898428053204,0.0001701083437139122
lancaster university,0.001863242000743779,0.29252293971016896,0.009673518742442563,0.01969425027051692
hampton university,0.0,0.2004393519364534,0.0024183796856106408,0.0003622247251677608
world conservation monitoring centre,3.5561711741224626e-05,0.2268436624899454,0.0024183796856106408,0.0023202845433039875
royal swedish academy of sciences,0.0,0.23019438128595643,0.0024183796856106408,0.002305405527932006
mental health services,0.0,0.22725715804679916,0.0012091898428053204,0.0018059982043723778
east carolina university,0.0,0.2693891030779473,0.012091898428053204,0.01897889758369583
atlantic oceanographic and meteorological laboratory,0.0,0.21880181976917165,0.0024183796856106408,0.001572269083790732
qimr berghofer medical research institute,0.0,0.21720083084403136,0.0012091898428053204,0.001328021816675559
federal university of bahia,0.0,0.2547471943287168,0.003627569528415961,0.007402573796592257
auckland university of technology,0.003070680276292726,0.2355882027673356,0.006045949214026602,0.003425435165863113
national university of ireland galway,0.0,0.20696095103664344,0.0012091898428053204,0.00047696678424338123
city college of new york,0.00837063864547315,0.2194952058177359,0.003627569528415961,0.0012759186144692379
rio de janeiro state university,0.0,0.22742297866558558,0.0024183796856106408,0.0021296730474242584
research institute of organic agriculture,0.0,0.22875830624674132,0.0012091898428053204,0.002059930207952085
asm clermont auvergne,0.0,0.20265487143119962,0.0012091898428053204,0.00027320955265192434
china agricultural university,0.0,0.23070554571516283,0.0012091898428053204,0.0037188123004673725
nationwide children s hospital,0.0,0.25695234316668175,0.0012091898428053204,0.009023684633735598
sokoine university of agriculture,0.00010766872639119017,0.22618519032016332,0.003627569528415961,0.0019663528247912555
university of port harcourt,0.0,0.001612253123740427,0.0012091898428053204,1.0603919050306407e-16
international medical corps,0.0,0.25695234316668175,0.0012091898428053204,0.009023684633735598
government of south africa,0.0,0.26685204816882274,0.0012091898428053204,0.01073466611220216
swinburne university of technology,0.0,0.2473676129057024,0.0012091898428053204,0.005023923529256553
cooperative research centre,0.0,0.21773188422017814,0.0012091898428053204,0.001262957074544665
university of leicester,0.0020992472573642005,0.2253674564433731,0.0024183796856106408,0.0016570215755547344
beijing forestry university,0.0,0.22447475135843356,0.0012091898428053204,0.001159473413829484
bocconi university,4.130318124421494e-06,0.26673786244003855,0.006045949214026602,0.014254837703615256
city university of new york,0.0,0.0012091898428053204,0.0012091898428053204,8.908325072181525e-18
columbia university medical center,0.0,0.24142772444708369,0.0012091898428053204,0.00452263416530131
university of nigeria nsukka,2.9278204426278945e-06,0.0024183796856106408,0.0024183796856106408,1.499620613515118e-16
the global fund to fight aids tuberculosis and malaria,0.0,0.26753922082505155,0.0012091898428053204,0.010145037567465043
tarbiat modares university,0.0,0.003109345310070824,0.0012091898428053204,2.294841955532903e-15
university of liege,0.0020992472573642005,0.22255136898335237,0.006045949214026602,0.0020938050378740917
university of strathclyde,9.319996042330335e-05,0.22577558294906555,0.0024183796856106408,0.001864442170369705
southern cross university,0.0,0.21780796104904612,0.0012091898428053204,0.0015154987725451968
university of bologna,0.0,0.19751786581824146,0.0012091898428053204,0.00019730347329275952
federal reserve bank of new york,0.0,0.2612600102776069,0.0012091898428053204,0.007269206089803694
ottawa hospital research institute,0.0,0.20709846661872758,0.0012091898428053204,0.0005749623809439151
millennium institute,0.0,0.20682361795699072,0.0012091898428053204,0.0008441131397167467
ikerbasque,0.0,0.0012091898428053204,0.0012091898428053204,8.908325072181525e-18
energy institute,0.0,0.0012091898428053204,0.0012091898428053204,8.908325072181525e-18
czech university of life sciences prague,0.0,0.2214445415710018,0.0012091898428053204,0.0017737163989614846
tel aviv university,0.0,0.21510227209191513,0.0012091898428053204,0.0010423130736945585
tallinn university of technology,0.0,0.0012091898428053204,0.0012091898428053204,8.908325072181525e-18
march of dimes,0.0,0.26685204816882274,0.0012091898428053204,0.01073466611220216
cgiar,0.0017488270402602852,0.2877961147379363,0.018137847642079805,0.02535421655661895
glenville state college,0.0,0.0012091898428053204,0.0012091898428053204,8.908325072181525e-18
pacific institute,0.0,0.25309232014712546,0.0024183796856106408,0.006213469008214264
konkuk university,0.0,0.16099338443243028,0.0012091898428053204,1.3271950040584829e-05
health alliance international,0.0,0.2517634832481301,0.0012091898428053204,0.0067436700591157125
nagoya university,0.0,0.24350249395405077,0.0012091898428053204,0.003352994848194757
ucl institute of child health,0.0,0.27448982145414796,0.0024183796856106408,0.019758350745937753
goddard institute for space studies,0.0,0.2612600102776069,0.0012091898428053204,0.007269206089803694
university of hull,0.0,0.23702143898188976,0.003627569528415961,0.003453343734446068
world resources institute,8.295957303132756e-05,0.27055832661561197,0.003627569528415961,0.012189250449642818
australian catholic university,0.0,0.20799679163242243,0.0012091898428053204,0.0005551560515083746
national water and sewerage corporation,0.0,0.2342601971147576,0.0012091898428053204,0.0028432486196973165
international development research centre,0.0,0.2609319315706865,0.0012091898428053204,0.00913918700300754
environment agency,4.6724939498988096e-05,0.2491472360201319,0.0024183796856106408,0.004398407243187306
university of texas at el paso,0.0,0.18079071476866881,0.0012091898428053204,0.00018432408121228357
addis continental institute of public health,0.0,0.2233487583383626,0.003627569528415961,0.0017990495668310169
university of lorraine,0.0,0.20265487143119962,0.0012091898428053204,0.00027320955265192434
game wildlife conservation trust,0.0,0.2350551977836991,0.003627569528415961,0.003407256693113601
rutgers university,0.0026687717474459453,0.3028991178437172,0.02781136638452237,0.05554081604133236
university at buffalo,0.0,0.23434826485803384,0.0024183796856106408,0.0035636809977990487
university of the west indies,0.0,0.24227220541094832,0.0024183796856106408,0.007018734509653174
national defense university,0.0,0.0012091898428053204,0.0012091898428053204,8.908325072181525e-18
university of gondar,0.0022268696677448796,0.22577558294906555,0.007255139056831922,0.0026127419811205824
national health service,0.0,0.26753922082505155,0.0012091898428053204,0.010145037567465043
university of ontario institute of technology,0.0,0.21362795905495888,0.0012091898428053204,0.00047782636498733077
health services academy,0.0,0.23576640866958018,0.0012091898428053204,0.004547918405657652
aston university,0.0,0.22917881783910662,0.0012091898428053204,0.002054255006030874
jawaharlal nehru medical college aligarh,0.0,0.2259392477427945,0.0024183796856106408,0.002995848941743445
university of mataram,0.0,0.24350249395405077,0.0012091898428053204,0.003352994848194757
princess margaret cancer centre,0.0,0.24133425649336815,0.0012091898428053204,0.005227895966119841
intermountain healthcare,0.0,0.2609319315706865,0.0012091898428053204,0.00913918700300754
indian institute of technology bombay,0.0,0.2105967515278277,0.0012091898428053204,0.0007032054297164552
free university of berlin,0.0020992472573642005,0.24590389921986985,0.0024183796856106408,0.0039283168268507895
hanoi university,0.00019303600649323558,0.2652622912861149,0.006045949214026602,0.010900236024234698
masdar institute of science and technology,0.0,0.2105967515278277,0.0012091898428053204,0.0007032054297164552
aga khan university hospital,0.0,0.25695234316668175,0.0012091898428053204,0.009023684633735598
islamic azad university of karaj,0.0,0.0025606373141759727,0.0012091898428053204,1.4673110797770665e-15
walter sisulu university,0.0,0.20265487143119962,0.0012091898428053204,0.0005335038213114445
university for development studies,0.0,0.21246298040980574,0.0012091898428053204,0.001259443532687715
pace university,0.0020992472573642005,0.24590389921986985,0.0024183796856106408,0.0039283168268507895
touro college,0.0,0.1916870801114299,0.0012091898428053204,0.00014812072918143397
gyeongsang national university,0.0,0.16099338443243028,0.0012091898428053204,1.3271950040584829e-05
hebei normal university,0.0,0.19751786581824146,0.0012091898428053204,0.00019730347329275952
bioversity international,0.001255074114871869,0.29912014612397797,0.018137847642079805,0.04189547350149576
bahir dar university,0.0,0.2230291178970912,0.0024183796856106408,0.0017005505924166647
liverpool john moores university,2.9278204426278945e-06,0.0024183796856106408,0.0024183796856106408,1.499620613515118e-16
university of rajshahi,0.0,0.20607153207351075,0.0012091898428053204,0.00039511644855218367
national institute for space research,0.0,0.2336455714101837,0.0024183796856106408,0.002802108095458885
johns hopkins university school of medicine,0.0,0.257483017150917,0.0024183796856106408,0.01223852411005658
indian institutes of technology,0.0,0.16280135401472187,0.0012091898428053204,1.403070143048712e-05
marie stopes international,0.0,0.26685204816882274,0.0012091898428053204,0.01073466611220216
health effects institute,0.0,0.26753922082505155,0.0012091898428053204,0.010145037567465043
university of denver,0.0,0.24571004514086323,0.0012091898428053204,0.003922731239354325
instituto de salud carlos iii,0.0,0.0012091898428053204,0.0012091898428053204,8.908325072181525e-18
maastricht university medical centre,0.0,0.18275179845276165,0.0012091898428053204,8.873975320989001e-05
iran university of medical sciences,0.0,0.002902055622732769,0.0012091898428053204,2.1251357530469836e-15
indian council of agricultural research,0.0,0.0012091898428053204,0.0012091898428053204,8.908325072181525e-18
university of cape coast,0.0,0.2125354192029901,0.0024183796856106408,0.0013087865212045803
european commission,0.0,0.2301094073541418,0.0012091898428053204,0.0020217444592100435
university of palermo,0.0,0.1814221142381752,0.0012091898428053204,7.80267701245807e-05
hanoi medical university,0.010437679877968445,0.2550598954674182,0.008464328899637243,0.008606134367034684
national dong hwa university,0.0,0.2004393519364534,0.0012091898428053204,0.0002797418195075824
observer research foundation,0.0,0.0012091898428053204,0.0012091898428053204,8.908325072181525e-18
university of insubria,0.0,0.001612253123740427,0.0012091898428053204,1.0603919050306407e-16
chongqing university,0.0,0.0012091898428053204,0.0012091898428053204,8.908325072181525e-18
vanderbilt university medical center,0.0,0.2692727362947603,0.0024183796856106408,0.011741015781687087
seoul national university hospital,0.0,0.19745530076730122,0.003627569528415961,0.00035100002689953085
chinhoyi university of technology,0.0,0.0012091898428053204,0.0012091898428053204,8.908325072181525e-18
public health england,0.0,0.24274391920653038,0.0012091898428053204,0.003421424119822572
colorado school of mines,0.0,0.23856348431778418,0.0012091898428053204,0.0022868894271191507
massachusetts eye and ear infirmary,0.0,0.26696633170122913,0.006045949214026602,0.018113929894593584
northumbria university,0.0,0.27941119879980725,0.013301088270858524,0.030638183408394446
trent university,0.0,0.23312131059176142,0.0012091898428053204,0.0024886830983015095
cranfield university,0.0,0.22875830624674132,0.0012091898428053204,0.002059930207952085
children s memorial hospital,1.775817147765883e-05,0.28130252009132223,0.008464328899637243,0.034121444217177846
university of buea,0.0,0.26685204816882274,0.0012091898428053204,0.01073466611220216
national yang ming university,0.0,0.17664108374110798,0.0012091898428053204,7.617597174135983e-05
the george institute for global health,1.752272965800681e-05,0.2883285774849075,0.006045949214026602,0.03433649340956694
sultan qaboos university,0.0,0.0012091898428053204,0.0012091898428053204,8.908325072181525e-18
helwan university,0.0,0.0012091898428053204,0.0012091898428053204,8.908325072181525e-18
university of valladolid,0.0,0.001612253123740427,0.0012091898428053204,1.0603919050306407e-16
international center for agricultural research in the dry areas,3.0419470188584164e-06,0.26006106988834793,0.006045949214026602,0.0105432699220511
university of atlanta,0.0,0.22152323543794242,0.0012091898428053204,0.002017766191087953
university of the basque country,0.0020992472573642005,0.2253674564433731,0.0024183796856106408,0.0016570215755547344
national museum of natural history,0.0,0.23666149754076313,0.0024183796856106408,0.0037557051662748136
office of environment and heritage,0.0,0.22561215509314878,0.0024183796856106408,0.0022672085610973575
saint mary s college of california,0.0,0.1602484278977815,0.0012091898428053204,7.771078225615361e-06
international hiv aids alliance,0.0,0.21392120265009268,0.0012091898428053204,0.0011761820911098187
pacific northwest university of health sciences,0.0,0.21849505240882233,0.0024183796856106408,0.0012705196188584305
mathematica policy research,0.0,0.23938801248938943,0.0012091898428053204,0.0041670628777305515
prevention institute,0.0,0.23329580259070737,0.0024183796856106408,0.0034876795410692485
universidad san francisco de quito,0.0,0.22800526134688004,0.0012091898428053204,0.0032931671774621665
covenant university,0.0,0.001612253123740427,0.0012091898428053204,1.0603919050306407e-16
fuzhou university,0.0,0.0012091898428053204,0.0012091898428053204,8.908325072181525e-18
world meteorological organization,0.0,0.22825572483426218,0.0012091898428053204,0.0017860473318056231
capital university of economics and business,0.0,0.18691645712814692,0.0012091898428053204,0.00011600211567280309
center for excellence in education,0.0,0.22447475135843356,0.0012091898428053204,0.001159473413829484
university of montpellier,0.0,0.25034794559131324,0.0012091898428053204,0.005272900749167999
leeds beckett university,0.0,0.17897398349766583,0.0012091898428053204,6.247658125773752e-05
babol noshirvani university of technology,0.0,0.0012091898428053204,0.0012091898428053204,8.908325072181525e-18
university of east sarajevo,0.0,0.001612253123740427,0.0012091898428053204,1.0603919050306407e-16
nhtv breda university of applied sciences,0.0,0.19896788526089051,0.0012091898428053204,0.0005667007033579748
university of south florida st petersburg,5.270996657816222e-05,0.22700888001542974,0.003627569528415961,0.0022657624834122748
national ecological observatory network,0.0,0.22817217588666544,0.0024183796856106408,0.0023742488942434035
tufts medical center,0.0,0.2609319315706865,0.0012091898428053204,0.00913918700300754
kazan federal university,0.0,0.0012091898428053204,0.0012091898428053204,8.908325072181525e-18
marine biological association of the united kingdom,0.0,0.21857166357726857,0.0012091898428053204,0.0014868289855544344
business school lausanne,0.0,0.0012091898428053204,0.0012091898428053204,8.908325072181525e-18
china west normal university,0.0,0.21599666823366945,0.0012091898428053204,0.0010839345764464626
global biodiversity information facility,0.0,0.2544352589887225,0.008464328899637243,0.007434764950575187
florida museum of natural history,0.0001999590288068534,0.25453915252036347,0.009673518742442563,0.007495942188150826
africa rice center,0.0,0.22917881783910662,0.0012091898428053204,0.002054255006030874
autonomous university of madrid,0.0,0.0012091898428053204,0.0012091898428053204,8.908325072181525e-18
state university of new york at fredonia,0.0,0.20498730171731996,0.0024183796856106408,0.00043464710332685686
minzu university of china,0.0,0.19751786581824146,0.0012091898428053204,0.00019730347329275952
dongguan university of technology,0.0,0.20546024539300264,0.0024183796856106408,0.0003133055889655626
aurecon,0.0,0.26049577288857917,0.0024183796856106408,0.010107969266182596
amrita vishwa vidyapeetham,0.0,0.0012091898428053204,0.0012091898428053204,8.908325072181525e-18
etseib,0.0,0.0012091898428053204,0.0012091898428053204,8.908325072181525e-18
university of toledo,0.0,0.2693891030779473,0.012091898428053204,0.01897889758369583
suny downstate medical center,0.00021364167310333661,0.2695055704809209,0.013301088270858524,0.01910838555747414
st luke s university health network,0.0,0.2693891030779473,0.012091898428053204,0.01897889758369583
mercy medical center,0.0,0.2693891030779473,0.012091898428053204,0.01897889758369583
summa health system,0.0,0.2693891030779473,0.012091898428053204,0.01897889758369583
baba banda singh bahadur engineering college,0.0,0.0012091898428053204,0.0012091898428053204,8.908325072181525e-18
international aids society,0.0,0.26753922082505155,0.0012091898428053204,0.010145037567465043
green templeton college,0.0,0.16539304444743166,0.0012091898428053204,1.961299791598469e-05
hamburg university of applied sciences,0.0,0.1397682476507556,0.0012091898428053204,1.423348654060749e-06
universiti utara malaysia,0.0,0.13902015711917262,0.0012091898428053204,7.404617147840365e-07
international organization for migration,0.0,0.26685204816882274,0.0012091898428053204,0.01073466611220216
west pomeranian university of technology,0.0,0.0012091898428053204,0.0012091898428053204,8.908325072181525e-18
